{
  "roc_auc": 0.5671701112877583,
  "f1_score": 0.28486646884273,
  "accuracy": 0.5131313131313131,
  "precision": 0.16783216783216784,
  "recall": 0.9411764705882353,
  "roc_curve": [
    [
      0.0,
      0.0022522522522522522,
      0.0045045045045045045,
      0.024774774774774775,
      0.033783783783783786,
      0.04054054054054054,
      0.04504504504504504,
      0.0518018018018018,
      0.05630630630630631,
      0.07657657657657657,
      0.07657657657657657,
      0.08333333333333333,
      0.09009009009009009,
      0.09234234234234234,
      0.09684684684684684,
      0.10135135135135136,
      0.1036036036036036,
      0.11036036036036036,
      0.13288288288288289,
      0.13963963963963963,
      0.15090090090090091,
      0.15765765765765766,
      0.16216216216216217,
      0.16666666666666666,
      0.16891891891891891,
      0.17567567567567569,
      0.17792792792792791,
      0.18468468468468469,
      0.18693693693693694,
      0.19369369369369369,
      0.23423423423423423,
      0.24774774774774774,
      0.25225225225225223,
      0.25900900900900903,
      0.26126126126126126,
      0.26126126126126126,
      0.268018018018018,
      0.2747747747747748,
      0.27927927927927926,
      0.27927927927927926,
      0.44819819819819817,
      0.44819819819819817,
      0.44819819819819817,
      0.48873873873873874,
      0.48873873873873874,
      0.48873873873873874,
      0.5022522522522522,
      0.5022522522522522,
      0.5022522522522522,
      0.5157657657657657,
      0.5157657657657657,
      0.5157657657657657,
      0.5225225225225225,
      0.5225225225225225,
      0.5225225225225225,
      0.527027027027027,
      0.527027027027027,
      0.527027027027027,
      0.527027027027027,
      0.527027027027027,
      0.527027027027027,
      0.5337837837837838,
      0.5337837837837838,
      0.536036036036036,
      0.536036036036036,
      0.536036036036036,
      0.536036036036036,
      0.536036036036036,
      0.536036036036036,
      0.5382882882882883,
      0.5427927927927928,
      0.5720720720720721,
      0.5855855855855856,
      0.6373873873873874,
      0.6418918918918919,
      0.6779279279279279,
      0.6824324324324325,
      0.6914414414414415,
      0.6959459459459459,
      0.7117117117117117,
      0.7162162162162162,
      0.7252252252252253,
      0.7297297297297297,
      0.7387387387387387,
      0.7432432432432432,
      0.8220720720720721,
      0.8265765765765766,
      0.8671171171171171,
      0.8716216216216216,
      0.8806306306306306,
      0.8896396396396397,
      0.9099099099099099,
      0.9144144144144144,
      0.9436936936936937,
      0.9504504504504504,
      1.0
    ],
    [
      0.0,
      0.0,
      0.0,
      0.0,
      0.0,
      0.0,
      0.0,
      0.0,
      0.0,
      0.0,
      0.058823529411764705,
      0.058823529411764705,
      0.058823529411764705,
      0.058823529411764705,
      0.0784313725490196,
      0.0784313725490196,
      0.0784313725490196,
      0.0784313725490196,
      0.0784313725490196,
      0.0784313725490196,
      0.0784313725490196,
      0.0784313725490196,
      0.0784313725490196,
      0.09803921568627451,
      0.09803921568627451,
      0.09803921568627451,
      0.09803921568627451,
      0.09803921568627451,
      0.09803921568627451,
      0.09803921568627451,
      0.09803921568627451,
      0.09803921568627451,
      0.09803921568627451,
      0.09803921568627451,
      0.09803921568627451,
      0.1568627450980392,
      0.1568627450980392,
      0.1568627450980392,
      0.1568627450980392,
      0.27450980392156865,
      0.27450980392156865,
      0.29411764705882354,
      0.3333333333333333,
      0.3333333333333333,
      0.35294117647058826,
      0.39215686274509803,
      0.39215686274509803,
      0.4117647058823529,
      0.45098039215686275,
      0.45098039215686275,
      0.47058823529411764,
      0.5098039215686274,
      0.5098039215686274,
      0.5294117647058824,
      0.5686274509803921,
      0.5882352941176471,
      0.6078431372549019,
      0.6470588235294118,
      0.6666666666666666,
      0.7254901960784313,
      0.7647058823529411,
      0.7647058823529411,
      0.8235294117647058,
      0.8235294117647058,
      0.8431372549019608,
      0.8823529411764706,
      0.9019607843137255,
      0.9411764705882353,
      1.0,
      1.0,
      1.0,
      1.0,
      1.0,
      1.0,
      1.0,
      1.0,
      1.0,
      1.0,
      1.0,
      1.0,
      1.0,
      1.0,
      1.0,
      1.0,
      1.0,
      1.0,
      1.0,
      1.0,
      1.0,
      1.0,
      1.0,
      1.0,
      1.0,
      1.0,
      1.0,
      1.0
    ],
    [
      Infinity,
      0.02823458201516804,
      0.02561008645444418,
      0.021743794317149234,
      0.02034800190495456,
      0.02030242555275008,
      0.01980386331865125,
      0.01829412083572357,
      0.015243286458071492,
      0.013214209345343009,
      0.013134780759483045,
      0.009022943528149363,
      0.006511936386978667,
      0.0058931683622373,
      0.0028345424647644446,
      0.0027885451516612703,
      0.002151827736189049,
      -0.0032277416042836293,
      -0.012560280864883144,
      -0.013528081844640938,
      -0.01878009956715443,
      -0.021872304436178047,
      -0.02442227329897584,
      -0.026644445717058263,
      -0.027499064029507747,
      -0.02828123773810054,
      -0.028680276114191994,
      -0.029213052606952616,
      -0.029308193229270585,
      -0.03074112732907841,
      -0.050517275953573915,
      -0.0513741998193431,
      -0.05366481658891098,
      -0.055606920880590716,
      -0.055739942061516,
      -0.056274373804834465,
      -0.0580636994747471,
      -0.05808983501598486,
      -0.059892021700189924,
      -0.0643360175537927,
      -0.13632042971190006,
      -0.13719142706377646,
      -0.13806749778405097,
      -0.14471846514307718,
      -0.1451527814467009,
      -0.14543961789993898,
      -0.14648663208869528,
      -0.14730822092918155,
      -0.14759359953479834,
      -0.14864223335367066,
      -0.1488255819498776,
      -0.14939409428032802,
      -0.14966506149622144,
      -0.1502915885912649,
      -0.1505749493738413,
      -0.15072719814101704,
      -0.15075684281175522,
      -0.1510398889161585,
      -0.1514249547379734,
      -0.15197263473392014,
      -0.15198995204706317,
      -0.15232330615911704,
      -0.15418470175299687,
      -0.15438769755842446,
      -0.15625298097408274,
      -0.15653230972431698,
      -0.15728056125611606,
      -0.15755919499473797,
      -0.15780848474611398,
      -0.1589632271592069,
      -0.1630034606895951,
      -0.1719240015736066,
      -0.17414544547705718,
      -0.17900176946578433,
      -0.17913763639389269,
      -0.18166818540652463,
      -0.18176469653225047,
      -0.18241121228046409,
      -0.18245834855782084,
      -0.18317202907247176,
      -0.1831783084904386,
      -0.18374020496298343,
      -0.18386438735277044,
      -0.18459002947031744,
      -0.18462774869311127,
      -0.18868949933803475,
      -0.18882588677856033,
      -0.19084767284265264,
      -0.190927838002934,
      -0.19135528968469517,
      -0.19167085901544634,
      -0.1933290709887418,
      -0.1934032729420464,
      -0.19549928679501194,
      -0.19557233720895084,
      -0.20299468664717174
    ]
  ],
  "best_threshold": -0.15780848474611398
}