{
  "roc_auc": 0.5256853313407743,
  "f1_score": 0.19393939393939394,
  "accuracy": 0.7263374485596708,
  "precision": 0.13793103448275862,
  "recall": 0.32653061224489793,
  "roc_curve": [
    [
      0.0,
      0.006864988558352402,
      0.013729977116704805,
      0.020594965675057208,
      0.029748283752860413,
      0.029748283752860413,
      0.032036613272311214,
      0.032036613272311214,
      0.038901601830663615,
      0.04576659038901602,
      0.04805491990846682,
      0.04805491990846682,
      0.05034324942791762,
      0.057208237986270026,
      0.08009153318077804,
      0.08009153318077804,
      0.08237986270022883,
      0.08237986270022883,
      0.08695652173913043,
      0.09153318077803203,
      0.09382151029748284,
      0.09382151029748284,
      0.09610983981693363,
      0.10068649885583524,
      0.10526315789473684,
      0.10983981693363844,
      0.11212814645308924,
      0.11899313501144165,
      0.12356979405034325,
      0.12585812356979406,
      0.12585812356979406,
      0.15789473684210525,
      0.16247139588100687,
      0.16933638443935928,
      0.16933638443935928,
      0.18306636155606407,
      0.18764302059496568,
      0.18764302059496568,
      0.19221967963386727,
      0.21052631578947367,
      0.2151029748283753,
      0.2219679633867277,
      0.2219679633867277,
      0.2219679633867277,
      0.22654462242562928,
      0.22654462242562928,
      0.2288329519450801,
      0.2288329519450801,
      0.2311212814645309,
      0.23569794050343248,
      0.2402745995423341,
      0.2448512585812357,
      0.2494279176201373,
      0.2540045766590389,
      0.2562929061784897,
      0.2631578947368421,
      0.2631578947368421,
      0.2654462242562929,
      0.28604118993135014,
      0.2951945080091533,
      0.30434782608695654,
      0.3157894736842105,
      0.32265446224256294,
      0.3295194508009153,
      0.33638443935926776,
      0.34553775743707094,
      0.35926773455377575,
      0.36155606407322655,
      0.36613272311212813,
      0.37299771167048057,
      0.37299771167048057,
      0.37757437070938216,
      0.37757437070938216,
      0.38443935926773454,
      0.3890160183066362,
      0.391304347826087,
      0.391304347826087,
      0.39359267734553777,
      0.40045766590389015,
      0.40503432494279173,
      0.41189931350114417,
      0.4302059496567506,
      0.4302059496567506,
      0.43478260869565216,
      0.448512585812357,
      0.448512585812357,
      0.45080091533180777,
      0.45537757437070936,
      0.4622425629290618,
      0.4622425629290618,
      0.4645308924485126,
      0.4668192219679634,
      0.47139588100686497,
      0.4759725400457666,
      0.4759725400457666,
      0.482837528604119,
      0.4874141876430206,
      0.4897025171624714,
      0.4965675057208238,
      0.4965675057208238,
      0.5034324942791762,
      0.5080091533180778,
      0.528604118993135,
      0.5331807780320366,
      0.5354691075514875,
      0.5423340961098398,
      0.5446224256292906,
      0.551487414187643,
      0.5652173913043478,
      0.5720823798627003,
      0.5743707093821511,
      0.5812356979405034,
      0.6064073226544623,
      0.6132723112128147,
      0.6270022883295194,
      0.631578947368421,
      0.6361556064073226,
      0.6430205949656751,
      0.6498855835240275,
      0.6498855835240275,
      0.6567505720823799,
      0.6636155606407322,
      0.6681922196796338,
      0.6704805491990846,
      0.6750572082379863,
      0.6819221967963387,
      0.6887871853546911,
      0.7048054919908466,
      0.7116704805491991,
      0.7139588100686499,
      0.7139588100686499,
      0.7208237986270023,
      0.7208237986270023,
      0.7276887871853547,
      0.7276887871853547,
      0.7345537757437071,
      0.7368421052631579,
      0.7414187643020596,
      0.7459954233409611,
      0.7459954233409611,
      0.7597254004576659,
      0.7643020594965675,
      0.7643020594965675,
      0.7665903890160183,
      0.7665903890160183,
      0.7711670480549199,
      0.7780320366132724,
      0.7848970251716247,
      0.7848970251716247,
      0.7940503432494279,
      0.7986270022883295,
      0.8054919908466819,
      0.8123569794050344,
      0.8123569794050344,
      0.8215102974828375,
      0.8215102974828375,
      0.8237986270022883,
      0.8237986270022883,
      0.8329519450800915,
      0.8352402745995423,
      0.8489702517162472,
      0.8489702517162472,
      0.8649885583524027,
      0.8695652173913043,
      0.8901601830663616,
      0.8947368421052632,
      0.9016018306636155,
      0.9061784897025171,
      0.9084668192219679,
      0.9084668192219679,
      0.9290617848970252,
      0.9359267734553776,
      0.9382151029748284,
      0.9450800915331807,
      0.965675057208238,
      0.965675057208238,
      0.9816933638443935,
      0.988558352402746,
      0.988558352402746,
      1.0
    ],
    [
      0.0,
      0.0,
      0.0,
      0.0,
      0.0,
      0.02040816326530612,
      0.02040816326530612,
      0.061224489795918366,
      0.061224489795918366,
      0.061224489795918366,
      0.061224489795918366,
      0.08163265306122448,
      0.08163265306122448,
      0.08163265306122448,
      0.08163265306122448,
      0.10204081632653061,
      0.10204081632653061,
      0.12244897959183673,
      0.12244897959183673,
      0.12244897959183673,
      0.12244897959183673,
      0.14285714285714285,
      0.14285714285714285,
      0.14285714285714285,
      0.14285714285714285,
      0.14285714285714285,
      0.14285714285714285,
      0.14285714285714285,
      0.14285714285714285,
      0.14285714285714285,
      0.1836734693877551,
      0.1836734693877551,
      0.1836734693877551,
      0.1836734693877551,
      0.20408163265306123,
      0.20408163265306123,
      0.20408163265306123,
      0.24489795918367346,
      0.24489795918367346,
      0.24489795918367346,
      0.24489795918367346,
      0.24489795918367346,
      0.2653061224489796,
      0.30612244897959184,
      0.30612244897959184,
      0.32653061224489793,
      0.32653061224489793,
      0.3469387755102041,
      0.3469387755102041,
      0.3469387755102041,
      0.3469387755102041,
      0.3469387755102041,
      0.3469387755102041,
      0.3469387755102041,
      0.3469387755102041,
      0.3469387755102041,
      0.3673469387755102,
      0.3673469387755102,
      0.3673469387755102,
      0.3673469387755102,
      0.3673469387755102,
      0.3673469387755102,
      0.3673469387755102,
      0.3673469387755102,
      0.3673469387755102,
      0.3673469387755102,
      0.3673469387755102,
      0.3673469387755102,
      0.3673469387755102,
      0.3673469387755102,
      0.3877551020408163,
      0.3877551020408163,
      0.40816326530612246,
      0.40816326530612246,
      0.40816326530612246,
      0.40816326530612246,
      0.42857142857142855,
      0.42857142857142855,
      0.42857142857142855,
      0.42857142857142855,
      0.42857142857142855,
      0.42857142857142855,
      0.46938775510204084,
      0.46938775510204084,
      0.46938775510204084,
      0.4897959183673469,
      0.4897959183673469,
      0.4897959183673469,
      0.4897959183673469,
      0.5306122448979592,
      0.5510204081632653,
      0.5510204081632653,
      0.5510204081632653,
      0.5510204081632653,
      0.5714285714285714,
      0.5714285714285714,
      0.5714285714285714,
      0.5918367346938775,
      0.5918367346938775,
      0.6122448979591837,
      0.6122448979591837,
      0.6122448979591837,
      0.6122448979591837,
      0.6122448979591837,
      0.6122448979591837,
      0.6122448979591837,
      0.6122448979591837,
      0.6122448979591837,
      0.6122448979591837,
      0.6122448979591837,
      0.6122448979591837,
      0.6122448979591837,
      0.6122448979591837,
      0.6122448979591837,
      0.6122448979591837,
      0.6122448979591837,
      0.6122448979591837,
      0.6122448979591837,
      0.6122448979591837,
