{
  "dataset": "predict_future_sales",
  "method": "sentence_bert_isolation_forest",
  "roc_auc": 0.5671701112877583,
  "f1_score": 0.28486646884273,
  "accuracy": 0.5131313131313131,
  "precision": 0.16783216783216784,
  "recall": 0.9411764705882353,
  "best_threshold": -0.15780848474611398
}