{
  "roc_auc": NaN,
  "f1_score": 0.0,
  "accuracy": 0.001,
  "precision": 0.0,
  "recall": 0.0,
  "roc_curve": [
    [
      0.0,
      0.001,
      0.005,
      0.007,
      0.01,
      0.012,
      0.014,
      0.02,
      0.024,
      0.027,
      0.029,
      0.032,
      0.035,
      0.037,
      0.038,
      0.04,
      0.042,
      0.044,
      0.046,
      0.048,
      0.05,
      0.052,
      0.054,
      0.056,
      0.059,
      0.061,
      0.069,
      0.071,
      0.078,
      0.08,
      0.514,
      0.516,
      0.793,
      0.795,
      0.985,
      0.987,
      1.0
    ],
    [
      NaN,
      NaN,
      NaN,
      NaN,
      NaN,
      NaN,
      NaN,
      NaN,
      NaN,
      NaN,
      NaN,
      NaN,
      NaN,
      NaN,
      NaN,
      NaN,
      NaN,
      NaN,
      NaN,
      NaN,
      NaN,
      NaN,
      NaN,
      NaN,
      NaN,
      NaN,
      NaN,
      NaN,
      NaN,
      NaN,
      NaN,
      NaN,
      NaN,
      NaN,
      NaN,
      NaN,
      NaN
    ],
    [
      Infinity,
      1.4719059081822208e+17,
      1.277648574653399e+17,
      1.2751626475824742e+17,
      1.2710155989601485e+17,
      1.2668699247273574e+17,
      1.2668698388280115e+17,
      1.2376651779067085e+17,
      1.2376650061080166e+17,
      1.2341702771186074e+17,
      1.2263765435639398e+17,
      1.226376457664594e+17,
      1.1691090817266483e+17,
      1.1542433409217331e+17,
      1.1403413048786944e+17,
      1.1378438672954163e+17,
      1.1246949108180582e+17,
      1.1174188067219046e+17,
      1.1020980570816512e+17,
      1.0835589166478131e+17,
      1.052368005150802e+17,
      1.0504101013592474e+17,
      1.0010407407819162e+17,
      9.967291949121536e+16,
      9.71996282140754e+16,
      9.71996196241408e+16,
      9.096745027895296e+16,
      9.096458124079923e+16,
      8.808893742736998e+16,
      8.801833675495834e+16,
      6547028565819392.0,
      6518786471493632.0,
      4656495631269888.0,
      4656295378419712.0,
      4375550277713920.0,
      4375497932800000.0,
      4374315206180864.0
    ]
  ],
  "best_threshold": 4374315206180864.0
}