{
  "roc_auc": NaN,
  "f1_score": 0.0,
  "accuracy": 0.0018552875695732839,
  "precision": 0.0,
  "recall": 0.0,
  "roc_curve": [
    [
      0.0,
      0.0018552875695732839,
      0.03896103896103896,
      0.04267161410018553,
      0.08163265306122448,
      0.08534322820037106,
      0.21521335807050093,
      0.2189239332096475,
      1.0
    ],
    [
      NaN,
      NaN,
      NaN,
      NaN,
      NaN,
      NaN,
      NaN,
      NaN,
      NaN
    ],
    [
      Infinity,
      1.903150345874309e+17,
      8.653366105001165e+16,
      8.602510256242688e+16,
      7.985564832969523e+16,
      7.984317574466765e+16,
      7.31343852887081e+16,
      7.309209704071168e+16,
      2.093476796484813e+16
    ]
  ],
  "best_threshold": 2.093476796484813e+16
}