{
  "roc_auc": 0.939101314539911,
  "f1_score": 0.6426858513189448,
  "accuracy": 0.9078540507111935,
  "precision": 0.475177304964539,
  "recall": 0.9925925925925926,
  "roc_curve": [
    [
      0.0,
      0.0,
      0.001349527665317139,
      0.002699055330634278,
      0.002699055330634278,
      0.004048582995951417,
      0.004723346828609987,
      0.006072874493927126,
      0.006072874493927126,
      0.007422402159244264,
      0.008097165991902834,
      0.008771929824561403,
      0.009446693657219974,
      0.011470985155195682,
      0.014844804318488529,
      0.0155195681511471,
      0.016869095816464237,
      0.018893387314439947,
      0.020242914979757085,
      0.020917678812415654,
      0.022941970310391364,
      0.022941970310391364,
      0.024291497975708502,
      0.02631578947368421,
      0.02699055330634278,
      0.02834008097165992,
      0.029014844804318488,
      0.03171390013495277,
      0.033063427800269905,
      0.03913630229419703,
      0.04048582995951417,
      0.044534412955465584,
      0.047908232118758436,
      0.048582995951417005,
      0.05263157894736842,
      0.05465587044534413,
      0.05735492577597841,
      0.05735492577597841,
      0.06342780026990553,
      0.06545209176788123,
      0.06680161943319839,
      0.06747638326585695,
      0.06747638326585695,
      0.06815114709851552,
      0.06950067476383266,
      0.07017543859649122,
      0.07017543859649122,
      0.07152496626180836,
      0.07219973009446694,
      0.07219973009446694,
      0.07422402159244265,
      0.07489878542510121,
      0.07489878542510121,
      0.07557354925775979,
      0.07557354925775979,
      0.07624831309041835,
      0.07624831309041835,
      0.07827260458839407,
      0.07894736842105263,
      0.07894736842105263,
      0.0796221322537112,
      0.0796221322537112,
      0.08029689608636977,
      0.0816464237516869,
      0.0816464237516869,
      0.08434547908232119,
      0.08636977058029689,
      0.08636977058029689,
      0.08704453441295547,
      0.0883940620782726,
      0.0883940620782726,
      0.09244264507422402,
      0.09244264507422402,
      0.0931174089068826,
      0.0931174089068826,
      0.0951417004048583,
      0.0951417004048583,
      0.09649122807017543,
      0.09649122807017543,
      0.09784075573549257,
      0.09851551956815115,
      0.09986504723346828,
      0.09986504723346828,
      0.10121457489878542,
      0.11201079622132254,
      0.11336032388663968,
      0.14912280701754385,
      0.150472334682861,
      0.15384615384615385,
      0.15519568151147098,
      0.15587044534412955,
      0.1572199730094467,
      0.16194331983805668,
      0.1632928475033738,
      0.16396761133603238,
      0.16666666666666666,
      0.1700404858299595,
      0.17139001349527666,
      0.2213225371120108,
      0.22267206477732793,
      0.2233468286099865,
      0.22469635627530365,
      0.22604588394062078,
      0.22739541160593793,
      0.2388663967611336,
      0.24021592442645073,
      0.2408906882591093,
      0.24224021592442646,
      0.25033738191632926,
      0.2516869095816464,
      0.2550607287449393,
      0.2564102564102564,
      0.27125506072874495,
      0.2726045883940621,
      0.2840755735492578,
      0.2854251012145749,
      0.286774628879892,
      0.2894736842105263,
      0.2989203778677463,
      0.30026990553306343,
      0.305668016194332,
      0.30701754385964913,
      0.31309041835357626,
      0.3144399460188934,
      0.31511470985155193,
      0.3164642375168691,
      0.3184885290148448,
      0.31983805668016196,
      0.3697705802968961,
      0.37112010796221323,
      0.3724696356275304,
      0.3738191632928475,
      0.37449392712550605,
      0.3758434547908232,
      0.3792172739541161,
      0.3805668016194332,
      0.39271255060728744,
      0.3940620782726046,
      0.45681511470985153,
      0.4581646423751687,
      0.460863697705803,
      0.4622132253711201,
      0.47031039136302294,
      0.4716599190283401,
      0.49527665317139,
      0.4966261808367072,
      0.5641025641025641,
      0.5654520917678812,
      0.5863697705802969,
      0.5877192982456141,
      0.6221322537112011,
      0.6234817813765182,
      0.631578947368421,
      0.6329284750337382,
      0.7226720647773279,
      0.7240215924426451,
      0.733468286099865,
      0.7348178137651822,
      0.7462887989203779,
      0.747638326585695,
      0.7550607287449392,
      0.7564102564102564,
      0.7739541160593792,
      0.7753036437246964,
      0.7800269905533064,
      0.7813765182186235,
      0.8117408906882592,
      0.8130904183535762,
      0.815114709851552,
      0.8164642375168691,
      0.819838056680162,
      0.8211875843454791,
      0.8252361673414305,
      0.8265856950067476,
      0.8414304993252362,
      0.8427800269905533,
      0.8562753036437247,
      0.8576248313090419,
      1.0
    ],
    [
      0.0,
      0.022222222222222223,
      0.05185185185185185,
      0.05185185185185185,
      0.05925925925925926,
      0.06666666666666667,
      0.08148148148148149,
      0.08148148148148149,
      0.1037037037037037,
      0.1037037037037037,
      0.1037037037037037,
      0.11851851851851852,
      0.11851851851851852,
      0.11851851851851852,
      0.11851851851851852,
      0.13333333333333333,
      0.13333333333333333,
      0.17777777777777778,
      0.17777777777777778,
      0.1925925925925926,
      0.1925925925925926,
      0.21481481481481482,
      0.24444444444444444,
      0.24444444444444444,
      0.25925925925925924,
      0.25925925925925924,
      0.2740740740740741,
      0.2740740740740741,
      0.2740740740740741,
      0.2740740740740741,
      0.2814814814814815,
      0.2814814814814815,
      0.2814814814814815,
      0.2962962962962963,
      0.31851851851851853,
      0.31851851851851853,
      0.31851851851851853,
      0.34074074074074073,
      0.34074074074074073,
      0.34074074074074073,
      0.34814814814814815,
      0.34814814814814815,
      0.37037037037037035,
      0.37037037037037035,
      0.37777777777777777,
      0.37777777777777777,
      0.4222222222222222,
      0.4222222222222222,
      0.43703703703703706,
      0.45925925925925926,
      0.45925925925925926,
      0.45925925925925926,
      0.48148148148148145,
      0.48148148148148145,
      0.5037037037037037,
      0.5185185185185185,
      0.6296296296296297,
      0.6296296296296297,
      0.6444444444444445,
      0.6666666666666666,
      0.6666666666666666,
      0.6888888888888889,
      0.7037037037037037,
      0.7037037037037037,
      0.7925925925925926,
      0.7925925925925926,
      0.7925925925925926,
      0.8148148148148148,
      0.8148148148148148,
      0.8222222222222222,
      0.8444444444444444,
      0.8444444444444444,
      0.8888888888888888,
      0.8888888888888888,
      0.9111111111111111,
      0.9111111111111111,
      0.9333333333333333,
      0.9333333333333333,
      0.9555555555555556,
      0.9555555555555556,
      0.9703703703703703,
      0.9703703703703703,
      0.9925925925925926,
      1.0,
      1.0,
      1.0,
      1.0,
      1.0,
      1.0,
      1.0,
      1.0,
      1.0,
      1.0,
      1.0,
      1.0,
      1.0,
      1.0,
      1.0,
      1.0,
      1.0,
      1.0,
      1.0,
      1.0,
      1.0,
      1.0,
      1.0,
      1.0,
      1.0,
      1.0,
      1.0,
      1.0,
      1.0,
      1.0,
      1.0,
      1.0,
      1.0,
      1.0,
      1.0,
      1.0,
      1.0,
      1.0,
      1.0,
      1.0,
      1.0,
      1.0,
      1.0,
      1.0,
      1.0,
      1.0,
      1.0,
      1.0,
      1.0,
      1.0,
      1.0,
      1.0,
      1.0,
      1.0,
      1.0,
      1.0,
      1.0,
      1.0,
      1.0,
      1.0,
      1.0,
      1.0,
      1.0,
      1.0,
      1.0,
      1.0,
      1.0,
      1.0,
      1.0,
      1.0,
      1.0,
      1.0,
      1.0,
      1.0,
      1.0,
      1.0,
      1.0,
      1.0,
      1.0,
      1.0,
      1.0,
