{
  "dataset": "eht_smili",
  "method": "sentence_bert_isolation_forest",
  "roc_auc": 0.276595744680851,
  "f1_score": 0.0,
  "accuracy": 0.2708333333333333,
  "precision": 0.0,
  "recall": 0.0,
  "best_threshold": -0.1815619507266723
}