{
  "roc_auc": 0.953125,
  "f1_score": 0.6666666666666666,
  "accuracy": 0.9166666666666666,
  "precision": 0.6,
  "recall": 0.75,
  "roc_curve": [
    [
      0.0,
      0.0,
      0.0625,
      0.0625,
      1.0
    ],
    [
      0.0,
      0.25,
      0.25,
      1.0,
      1.0
    ],
    [
      Infinity,
      8997.09375,
      8982.392578125,
      8931.556640625,
      0.0805748850107193
    ]
  ],
  "best_threshold": 8931.556640625
}