{
  "roc_auc": 0.9956404494382022,
  "f1_score": 0.9108910891089109,
  "accuracy": 0.9818181818181818,
  "precision": 0.9019607843137255,
  "recall": 0.92,
  "roc_curve": [
    [
      0.0,
      0.0,
      0.0,
      0.0,
      0.0,
      0.0,
      0.0022471910112359553,
      0.0022471910112359553,
      0.0044943820224719105,
      0.0044943820224719105,
      0.006741573033707865,
      0.006741573033707865,
      0.011235955056179775,
      0.011235955056179775,
      0.029213483146067417,
      0.029213483146067417,
      0.36404494382022473,
      0.3685393258426966,
      0.3752808988764045,
      0.5955056179775281,
      0.6,
      0.6404494382022472,
      0.647191011235955,
      0.6921348314606741,
      0.6966292134831461,
      1.0
    ],
    [
      0.0,
      0.02,
      0.06,
      0.12,
      0.16,
      0.6,
      0.6,
      0.64,
      0.64,
      0.66,
      0.66,
      0.82,
      0.82,
      0.94,
      0.94,
      1.0,
      1.0,
      1.0,
      1.0,
      1.0,
      1.0,
      1.0,
      1.0,
      1.0,
      1.0,
      1.0
    ],
    [
      Infinity,
      3323283558629376.0,
      3323280605839360.0,
      2449206174285824.0,
      2449118127456256.0,
      310052782080.0,
      235245338624.0,
      149408071680.0,
      42202030080.0,
      40312078336.0,
      25932238848.0,
      7876485632.0,
      5009886720.0,
      2878380032.0,
      2197900544.0,
      1345957888.0,
      2.181032657623291,
      2.1250810623168945,
      2.1034810543060303,
      0.6830122470855713,
      0.6823387145996094,
      0.6044944524765015,
      0.5988864898681641,
      0.5551849007606506,
      0.5410974621772766,
      0.01221658755093813
    ]
  ],
  "best_threshold": 2878380032.0
}