{
  "roc_auc": 0.9990222222222223,
  "f1_score": 0.9795918367346939,
  "accuracy": 0.996,
  "precision": 1.0,
  "recall": 0.96,
  "roc_curve": [
    [
      0.0,
      0.0,
      0.0,
      0.04888888888888889,
      0.04888888888888889,
      1.0
    ],
    [
      0.0,
      0.02,
      0.98,
      0.98,
      1.0,
      1.0
    ],
    [
      Infinity,
      2818475264.0,
      105.24268341064453,
      47.30727005004883,
      46.86989974975586,
      0.019882909953594208
    ]
  ],
  "best_threshold": 105.24268341064453
}