{
  "dataset": "casa_nowcast",
  "method": "sentence_bert_isolationforest",
  "roc_auc": 0.6673259113205732,
  "f1_score": 0.0019880715705765406,
  "accuracy": 0.807015857760692,
  "precision": 0.000998003992015968,
  "recall": 0.25,
  "best_threshold": -0.0014633710211172657
}