{
  "dataset": "somospie",
  "model": "paraphrase-MiniLM-L6-v2",
  "roc_auc": 0.5526000898614801,
  "f1_score": 0.2383199622463426,
  "accuracy": 0.786930693069307,
  "precision": 0.18149146451033243,
  "recall": 0.3469598076262453,
  "best_threshold": -0.010663802898377872,
  "roc_curve": [
    [
      0.0,
      0.0,
      0.0,
      0.03687611814962211,
      0.03724122823031144,
      0.03749680528679397,
      0.03778889335134543,
      0.05622695242615649,
      0.07440943444448501,
      0.09255540545474461,
      0.11062835444886633,
      0.1109204425134178,
      0.12935850158822884,
      0.12935850158822884,
      0.14750447259848845,
      0.1659425316732995,
      0.16630764175398882,
      0.16630764175398882,
      0.18438059074811056,
      0.2028186498229216,
      0.20307422687940413,
      0.22151228595421518,
      0.22176786301069773,
      0.2581328270473548,
      0.2583884041038373,
      0.27657088612216585,
      0.5347037131695206,
      0.5347767351856585,
      0.5531417722443317,
      0.5532878162766074,
      0.5900178903939538,
      0.6268940085435759,
      0.6270035415677827,
      0.6453320676183869,
      0.8112745992916864,
      0.8112745992916864,
      0.819672131147541,
      0.838110190222352,
      0.838110190222352,
      0.8893716455511337,
      1.0
    ],
    [
      0.0,
      0.00034352456200618345,
      0.17347990381312264,
      0.17347990381312264,
      0.17347990381312264,
      0.17347990381312264,
      0.17347990381312264,
      0.17347990381312264,
      0.17347990381312264,
      0.17347990381312264,
      0.17347990381312264,
      0.17347990381312264,
      0.17347990381312264,
      0.3469598076262453,
      0.3469598076262453,
      0.3469598076262453,
      0.3469598076262453,
      0.520439711439368,
      0.520439711439368,
      0.520439711439368,
      0.520439711439368,
      0.520439711439368,
      0.520439711439368,
      0.520439711439368,
      0.520439711439368,
      0.520439711439368,
      0.520439711439368,
      0.520439711439368,
      0.520439711439368,
      0.520439711439368,
      0.520439711439368,
      0.520439711439368,
      0.520439711439368,
      0.520439711439368,
      0.520439711439368,
      0.6939196152524906,
      0.788388869804191,
      0.788388869804191,
      0.9618687736173136,
      1.0,
      1.0
    ],
    [
      Infinity,
      0.05048839485792356,
      0.04949429462817778,
      0.01348781909171215,
      0.006647148407311287,
      0.005096239059710905,
      0.004301697580339381,
      0.0031796978789252472,
      0.0023325224030403824,
      -0.0,
      -0.00042457029606013386,
      -0.000796577322842551,
      -0.00372596293172045,
      -0.005144965981704552,
      -0.005553332234995656,
      -0.005760998268019346,
      -0.007114777571831876,
      -0.010663802898377872,
      -0.011337985042074394,
      -0.013393606798474567,
      -0.013419870616531493,
      -0.01669804676966269,
      -0.01673161623007391,
      -0.017438607803495598,
      -0.021784958831693957,
      -0.022942026964983042,
      -0.08763465628242695,
      -0.08771730829657548,
      -0.08872626187055527,
      -0.09510947939214709,
      -0.09599921869250067,
      -0.10218349035606833,
      -0.10452596737778969,
      -0.10491537901438364,
      -0.12158563144334533,
      -0.12427286770838392,
      -0.12441522614124917,
      -0.12486532273990814,
      -0.12981148083342697,
      -0.140438237475569,
      -0.15674950601244697
    ]
  ]
}