{
  "roc_auc": 0.36597938144329895,
  "f1_score": 0.0,
  "accuracy": 0.5858585858585859,
  "precision": 0.0,
  "recall": 0.0,
  "roc_curve": [
    [
      0.0,
      0.030927835051546393,
      0.061855670103092786,
      0.09278350515463918,
      0.13402061855670103,
      0.14432989690721648,
      0.16494845360824742,
      0.4020618556701031,
      0.4020618556701031,
      0.865979381443299,
      0.865979381443299,
      0.9072164948453608,
      0.9278350515463918,
      0.9484536082474226,
      0.9896907216494846,
      1.0
    ],
    [
      0.0,
      0.0,
      0.0,
      0.0,
      0.0,
      0.0,
      0.0,
      0.0,
      0.5,
      0.5,
      1.0,
      1.0,
      1.0,
      1.0,
      1.0,
      1.0
    ],
    [
      Infinity,
      0.0874566773288975,
      0.08391973807582953,
      0.022867632451393005,
      -0.0030363163767276324,
      -0.015701463517609815,
      -0.016507848645999523,
      -0.08417999534850346,
      -0.08758109862626368,
      -0.1662008153367247,
      -0.16654859468807243,
      -0.16957277572025575,
      -0.17669092068073083,
      -0.17774723594692315,
      -0.1797996043225829,
      -0.1830880111296178
    ]
  ],
  "best_threshold": -0.08758109862626368
}