{
  "dataset": "casa_wind_speed",
  "method": "sentence_bert_isolation_forest",
  "roc_auc": 0.5256853313407743,
  "f1_score": 0.19393939393939394,
  "accuracy": 0.7263374485596708,
  "precision": 0.13793103448275862,
  "recall": 0.32653061224489793,
  "best_threshold": -0.004518772038637375
}