{
  "dataset": "somospie",
  "method": "sentence_bert_isolation_forest",
  "roc_auc": 0.49313131313131314,
  "f1_score": 0.16666666666666666,
  "accuracy": 0.8333333333333334,
  "precision": 0.14285714285714285,
  "recall": 0.2,
  "best_threshold": -0.008538440566115635
}