{
  "roc_auc": NaN,
  "f1_score": 0.0,
  "accuracy": 0.002717391304347826,
  "precision": 0.0,
  "recall": 0.0,
  "roc_curve": [
    [
      0.0,
      0.005434782608695652,
      0.010869565217391304,
      0.016304347826086956,
      0.019021739130434784,
      0.029891304347826088,
      1.0
    ],
    [
      NaN,
      NaN,
      NaN,
      NaN,
      NaN,
      NaN,
      NaN
    ],
    [
      Infinity,
      1.8051495001010995e+17,
      1.6803657536661094e+17,
      1.6415940530929664e+17,
      1.6095027446520218e+17,
      1.4008750518462054e+17,
      7162064661381120.0
    ]
  ],
  "best_threshold": 7162064661381120.0
}