{
  "roc_auc": 0.9478260869565217,
  "f1_score": 0.5714285714285714,
  "accuracy": 0.9411764705882353,
  "precision": 1.0,
  "recall": 0.4,
  "roc_curve": [
    [
      0.0,
      0.0,
      0.0,
      0.13043478260869565,
      0.13043478260869565,
      1.0
    ],
    [
      0.0,
      0.2,
      0.6,
      0.6,
      1.0,
      1.0
    ],
    [
      Infinity,
      1456489.125,
      1444717.875,
      172083.0625,
      64694.54296875,
      0.03902982920408249
    ]
  ],
  "best_threshold": 1444717.875
}