{
  "dataset": "eht_difmap",
  "model": "paraphrase-MiniLM-L6-v2",
  "roc_auc": 1.0,
  "f1_score": 0.6666666666666666,
  "accuracy": 0.9696969696969697,
  "precision": 1.0,
  "recall": 0.5,
  "best_threshold": 0.04299615679113977,
  "roc_curve": [
    [
      0.0,
      0.0,
      0.0,
      6.438735432361085e-05,
      0.03225806451612903,
      0.22580645161290322,
      0.22593522632155044,
      0.2581932908376795,
      0.2585152276092975,
      0.2589015517352392,
      0.25896593908956284,
      0.25915910115253366,
      0.29109522889704464,
      0.29122400360569184,
      0.29128839096001546,
      0.32316013135020283,
      0.3550962590947138,
      0.35535380851200826,
      0.3873543236108428,
      0.38748309831949007,
      0.3876762603824609,
      0.3878050350911081,
      0.41967677548129545,
      0.45161290322580644,
      0.4518704526431009,
      0.45219238941471895,
      0.4841929045135535,
      0.5161290322580645,
      0.5161934196123882,
      0.5483870967741935,
      0.5806451612903226,
      0.5807739359989698,
      0.6129032258064516,
      0.7741935483870968,
      0.774322323095744,
      0.7745154851587148,
      0.8066447749661967,
      0.8387096774193549,
      0.838838452128002,
      0.8390316141909729,
      0.8390960015452965,
      0.8711609039984547,
      0.9033545811602601,
      0.9354838709677419,
      1.0
    ],
    [
      0.0,
      0.5,
      1.0,
      1.0,
      1.0,
      1.0,
      1.0,
      1.0,
      1.0,
      1.0,
      1.0,
      1.0,
      1.0,
      1.0,
      1.0,
      1.0,
      1.0,
      1.0,
      1.0,
      1.0,
      1.0,
      1.0,
      1.0,
      1.0,
      1.0,
      1.0,
      1.0,
      1.0,
      1.0,
      1.0,
      1.0,
      1.0,
      1.0,
      1.0,
      1.0,
      1.0,
      1.0,
      1.0,
      1.0,
      1.0,
      1.0,
      1.0,
      1.0,
      1.0,
      1.0
    ],
    [
      Infinity,
      0.0548949395337216,
      0.04299615679113977,
      0.010515850864866616,
      0.009116302730372894,
      -0.01702604991615564,
      -0.020616178358343396,
      -0.020837754029251587,
      -0.024398933633076214,
      -0.025359871127778932,
      -0.02693928232270071,
      -0.027268233947056575,
      -0.027827742880920825,
      -0.027904934873125287,
      -0.02969474259298588,
      -0.030710142034031218,
      -0.032006635955409646,
      -0.03330487061845244,
      -0.03479947763387681,
      -0.03497371754238121,
      -0.03716206268181277,
      -0.03764696676025525,
      -0.04135174451244383,
      -0.04317221241423774,
      -0.04673295500220298,
      -0.048543244754485904,
      -0.048862952588119235,
      -0.052421366409377224,
      -0.0936182976518743,
      -0.09483839579617603,
      -0.10247867186458826,
      -0.11183328037303059,
      -0.11241349538076761,
      -0.12320818582791576,
      -0.12324588413067716,
      -0.12395123717266554,
      -0.12425283362991613,
      -0.12487355953482548,
      -0.1301640703985889,
      -0.1304124485930676,
      -0.13125527512941643,
      -0.13153933879400892,
      -0.13216267038333923,
      -0.13295565343231602,
      -0.14217478280862017
    ]
  ]
}