{
  "roc_auc": NaN,
  "f1_score": 0.0,
  "accuracy": 0.0625,
  "precision": 0.0,
  "recall": 0.0,
  "roc_curve": [
    [
      0.0,
      0.0625,
      1.0
    ],
    [
      NaN,
      NaN,
      NaN
    ],
    [
      Infinity,
      2.341202650327941e+17,
      1.4016326196527104e+16
    ]
  ],
  "best_threshold": 1.4016326196527104e+16
}