{
  "accuracy": 1.0,
  "precision": 1.0,
  "recall": 1.0,
  "f1_score": 1.0,
  "roc_auc": 1.0,
  "predictions": [
    0,
    0,
    0,
    0,
    0,
    0,
    0,
    0,
    0,
    0,
    0,
    0,
    0,
    1,
    0,
    0,
    0,
    0,
    0,
    0,
    1,
    0,
    0,
    0,
    0,
    0,
    0,
    0,
    0,
    0,
    0,
    0,
    0,
    0,
    0,
    0,
    0,
    0,
    0,
    0,
    1,
    0,
    0,
    0,
    0,
    1,
    0,
    0,
    0,
    0,
    0,
    0,
    0,
    0,
    0,
    0,
    0,
    0,
    0,
    0,
    0,
    0,
    0,
    0,
    0,
    0,
    0,
    0,
    1,
    0,
    0,
    0,
    0,
    0,
    0,
    0,
    0,
    0,
    0,
    0,
    0,
    0,
    0,
    0,
    0,
    0,
    1,
    0,
    1,
    0,
    0,
    0,
    0,
    0,
    0,
    0
  ],
  "anomaly_scores": [
    -99.12013279890974,
    -63.10557245083309,
    -134.48644982425915,
    -104.94283757899564,
    -55.340937729512696,
    -102.70822004395453,
    -74.83459569209698,
    -102.35839346741832,
    -105.1505076058201,
    -133.9716436946329,
    -78.27151917961399,
    -133.3252982469,
    -96.1317825036829,
    53521.74642420904,
    -71.9571084391865,
    -77.98851540143495,
    -91.1599318559694,
    -73.1831006112482,
    -101.17063529881459,
    -72.70768661367917,
    245.17624890515165,
    -133.29376777221543,
    -136.32643247945373,
    -103.155915979495,
    -97.87473575452151,
    -135.05085726469366,
    -78.43470673266052,
    -102.80903099895929,
    -12.174452634760932,
    -71.95964393231468,
    -72.39455688686422,
    -82.36481516909913,
    -74.60098820994155,
    -98.96543311415172,
    -101.0243002484776,
    -100.00344315511751,
    -103.19906993594537,
    -70.65458318209721,
    -101.83429755179824,
    -77.56861747873819,
    53930.13521017866,
    -76.49362633176854,
    -123.4006394330535,
    -104.88678747266283,
    -67.98873782859721,
    81814.87590942203,
    -101.94383566490102,
    -67.59414901424577,
    -74.83054004534773,
    -70.26833487708406,
    -64.53450217363257,
    -72.81169297059733,
    -102.81325888133202,
    -71.2293212339852,
    -73.7292787052644,
    -75.92148737583727,
    -72.9222146868388,
    -102.7304612787606,
    -76.93744276239485,
    -73.74213290101525,
    -75.50915990088923,
    -102.49247325897373,
    -71.79140465959608,
    -75.63178195406871,
    -90.50255276619711,
    -100.81948040116475,
    -104.30905044916204,
    -69.7307112370436,
    17490.04999980179,
    -134.81860862855748,
    -103.05474866620042,
    -53.87064828001187,
    -101.19639563674322,
    -103.96983700707106,
    -73.14270457054623,
    -73.00849101489801,
    -38.99226502602931,
    -61.71468589955981,
    -104.91231909855519,
    -103.0820682694147,
    -104.21461582753099,
    -71.65676715744743,
    -104.22223945576042,
    -76.36895454543605,
    -101.24305773785798,
    -68.43567995663895,
    57774.27321099075,
    -102.11628336853315,
    127457.55381707601,
    -65.3275233833745,
    -72.30897563152573,
    -69.87551486634389,
    -100.59353430399577,
    -100.09028424463632,
    -103.82008186956915,
    -73.79672875602716
  ],
  "true_labels": [
    0,
    0,
    0,
    0,
    0,
    0,
    0,
    0,
    0,
    0,
    0,
    0,
    0,
    1,
    0,
    0,
    0,
    0,
    0,
    0,
    1,
    0,
    0,
    0,
    0,
    0,
    0,
    0,
    0,
    0,
    0,
    0,
    0,
    0,
    0,
    0,
    0,
    0,
    0,
    0,
    1,
    0,
    0,
    0,
    0,
    1,
    0,
    0,
    0,
    0,
    0,
    0,
    0,
    0,
    0,
    0,
    0,
    0,
    0,
    0,
    0,
    0,
    0,
    0,
    0,
    0,
    0,
    0,
    1,
    0,
    0,
    0,
    0,
    0,
    0,
    0,
    0,
    0,
    0,
    0,
    0,
    0,
    0,
    0,
    0,
    0,
    1,
    0,
    1,
    0,
    0,
    0,
    0,
    0,
    0,
    0
  ],
  "roc_curve": [
    [
      0.0,
      0.0,
      0.0,
      1.0
    ],
    [
      0.0,
      0.14285714285714285,
      1.0,
      1.0
    ],
    [
      Infinity,
      127457.55381707601,
      245.17624890515165,
      -136.32643247945373
    ]
  ],
  "threshold": 77.89829290421065,
  "dataset": "eht_smili"
}