{
  "roc_auc": 0.38180484755217853,
  "f1_score": 0.0014917951268025858,
  "accuracy": 0.2280634310427679,
  "precision": 0.0007466401194624191,
  "recall": 0.75,
  "roc_curve": [
    [
      0.0,
      9.618159084351255e-05,
      0.053765509281523516,
      0.06607675290949312,
      0.06694238722708473,
      0.06713475040877176,
      0.07973453880927191,
      0.07992690199095893,
      0.1449456574011734,
      0.14513802058286043,
      0.15225545830528037,
      0.1562950851207079,
      0.1563912667115514,
      0.15677599307492546,
      0.17120323170145235,
      0.17139559488313938,
      0.17206886601904395,
      0.17283831874579206,
      0.17447340579013176,
      0.1746657689718188,
      0.1884197364624411,
      0.18899682600750217,
      0.1894777339617197,
      0.18967009714340674,
      0.18976627873425025,
      0.18995864191593728,
      0.1900548235067808,
      0.19024718668846782,
      0.19351736077714726,
      0.1937097239588343,
      0.19419063191305183,
      0.19438299509473886,
      0.19447917668558237,
      0.1946715398672694,
      0.19553717418486102,
      0.1961142637299221,
      0.1962104453207656,
      0.19659517168413965,
      0.19669135327498316,
      0.1968837164566702,
      0.20034625372703666,
      0.20073098009041068,
      0.20140425122631528,
      0.2015966144080023,
      0.20265461190728096,
      0.20284697508896798,
      0.203231701452342,
      0.20361642781571607,
      0.2045782437241512,
      0.20477060690583823,
      0.2291045493892469,
      0.22929691257093393,
      0.25613157641627393,
      0.2755602577666635,
      0.275656439357507,
      0.2795037029912475,
      0.279599884582091,
      0.2801769741271521,
      0.28027315571799555,
      0.28181206117149177,
      0.2820044243531788,
      0.2821967875348658,
      0.28229296912570934,
      0.2826776954890834,
      0.2827738770799269,
      0.2841204193517361,
      0.28440896412426664,
      0.2867173223045109,
      0.2913340386649995,
      0.2917187650283736,
      0.2934500336635568,
      0.29364239684524385,
      0.2942194863903049,
      0.3388477445416947,
      0.3480811772626719,
      0.3496200827161681,
      0.3509666249879773,
      0.35240934885062997,
      0.4459940367413677,
      0.44609021833221124,
      0.4935077426180629,
      0.5436183514475329,
      0.7284793690487641,
      0.7723381744734058,
      1.0
    ],
    [
      0.0,
      0.0,
      0.0,
      0.0,
      0.0,
      0.0,
      0.0,
      0.0,
      0.0,
      0.0,
      0.0,
      0.0,
      0.0,
      0.0,
      0.0,
      0.0,
      0.0,
      0.0,
      0.0,
      0.0,
      0.0,
      0.0,
      0.0,
      0.0,
      0.0,
      0.0,
      0.0,
      0.0,
      0.0,
      0.0,
      0.0,
      0.0,
      0.0,
      0.0,
      0.0,
      0.0,
      0.0,
      0.0,
      0.0,
      0.0,
      0.0,
      0.0,
      0.0,
      0.0,
      0.0,
      0.0,
      0.0,
      0.0,
      0.0,
      0.0,
      0.0,
      0.0,
      0.0,
      0.0,
      0.0,
      0.0,
      0.0,
      0.0,
      0.0,
      0.0,
      0.0,
      0.0,
      0.0,
      0.0,
      0.0,
      0.0,
      0.0,
      0.0,
      0.0,
      0.0,
      0.0,
      0.0,
      0.0,
      0.0,
      0.0,
      0.0,
      0.0,
      0.0,
      0.25,
      0.25,
      0.375,
      0.5,
      0.625,
      0.75,
      1.0
    ],
    [
      Infinity,
      6.277606688714331,
      4.731900127706563,
      4.517766050220569,
      4.486253512848817,
      4.485592015055263,
      4.434418467379534,
      4.434116201766726,
      4.02060455885428,
      4.020600679210945,
      3.989896834283518,
      3.962714538836915,
      3.957542143991598,
      3.957062844483864,
      3.8556070793875508,
      3.8555178474963285,
      3.8550237788515034,
      3.8548615980604097,
      3.851719973938579,
      3.851419171775974,
      3.8392438755010168,
      3.839114090758405,
      3.8385772931136755,
      3.8385541137552024,
      3.8384590558825638,
      3.8384554878773414,
      3.8383803427749497,
      3.8383726824751414,
      3.835170421695504,
      3.8349324004358287,
      3.834317401662773,
      3.8341943014106947,
      3.834053642419937,
      3.834012201431412,
      3.833579674010668,
      3.833354174728285,
      3.83333876748303,
      3.8332489587409193,
      3.833181758919623,
      3.832589362399463,
      3.830387839598443,
      3.8303619940086406,
      3.8300417378478917,
      3.829917383628947,
      3.829294338876578,
      3.8291529916368505,
      3.828270481779279,
      3.828233453665269,
      3.826360566793723,
      3.826268190043676,
      3.7968827123292144,
      3.796882381966443,
      3.634376021545362,
      3.4445450954931722,
      3.4443094213134793,
      3.4399042041166217,
      3.4396364537595923,
      3.438639190341071,
      3.437860910960289,
      3.4354277082479934,
      3.4353285015906794,
      3.4350008672044154,
      3.4340332072329005,
      3.429794436998809,
      3.2268656937195552,
      2.9920911948604934,
      2.990394676703503,
      2.9813073455240158,
      2.952405111451108,
      2.9492128245936624,
      2.947386124086568,
      2.946074037969357,
      2.9454974760910653,
      2.639228429439965,
      1.8236386765600976,
      0.8067177111623061,
      1.3486991523486091e-06,
      9.5367431640625e-07,
      2.9200193199910854e-07,
      2.697398304697218e-07,
      2.6656007498500226e-07,
      2.384185791015625e-07,
      2.0647654623614278e-07,
      1.1920928955078125e-07,
      0.0
    ]
  ],
  "best_threshold": 0.0
}