{
  "roc_auc": 0.3565901218013186,
  "f1_score": 0.17122040072859745,
  "accuracy": 0.3357664233576642,
  "precision": 0.09552845528455285,
  "recall": 0.8245614035087719,
  "roc_curve": [
    [
      0.0,
      0.0015923566878980893,
      0.042993630573248405,
      0.04617834394904458,
      0.054140127388535034,
      0.06050955414012739,
      0.07006369426751592,
      0.0732484076433121,
      0.07643312101910828,
      0.07961783439490445,
      0.08280254777070063,
      0.08917197452229299,
      0.09554140127388536,
      0.11464968152866242,
      0.12101910828025478,
      0.12420382165605096,
      0.12579617834394904,
      0.12898089171974522,
      0.1305732484076433,
      0.1337579617834395,
      0.13535031847133758,
      0.14171974522292993,
      0.14331210191082802,
      0.1464968152866242,
      0.160828025477707,
      0.16401273885350318,
      0.16878980891719744,
      0.17197452229299362,
      0.1767515923566879,
      0.18312101910828024,
      0.18471337579617833,
      0.19745222929936307,
      0.20063694267515925,
      0.20382165605095542,
      0.2197452229299363,
      0.22611464968152867,
      0.23089171974522293,
      0.2627388535031847,
      0.27070063694267515,
      0.27388535031847133,
      0.2770700636942675,
      0.2818471337579618,
      0.28662420382165604,
      0.2914012738853503,
      0.29777070063694266,
      0.29936305732484075,
      0.30254777070063693,
      0.30254777070063693,
      0.3057324840764331,
      0.31210191082802546,
      0.3184713375796178,
      0.32643312101910826,
      0.32802547770700635,
      0.33121019108280253,
      0.3359872611464968,
      0.339171974522293,
      0.3471337579617834,
      0.3487261146496815,
      0.35509554140127386,
      0.35509554140127386,
      0.35828025477707004,
      0.3821656050955414,
      0.3853503184713376,
      0.39171974522292996,
      0.3964968152866242,
      0.3980891719745223,
      0.4140127388535032,
      0.41878980891719747,
      0.4251592356687898,
      0.4315286624203822,
      0.4315286624203822,
      0.4394904458598726,
      0.4426751592356688,
      0.45063694267515925,
      0.45222929936305734,
      0.4601910828025478,
      0.46178343949044587,
      0.46496815286624205,
      0.46656050955414013,
      0.4697452229299363,
      0.47770700636942676,
      0.47929936305732485,
      0.482484076433121,
      0.4856687898089172,
      0.49363057324840764,
      0.49522292993630573,
      0.5031847133757962,
      0.5079617834394905,
      0.5111464968152867,
      0.5270700636942676,
      0.5302547770700637,
      0.5382165605095541,
      0.5429936305732485,
      0.5493630573248408,
      0.5509554140127388,
      0.5573248407643312,
      0.5621019108280255,
      0.5652866242038217,
      0.5668789808917197,
      0.5700636942675159,
      0.5780254777070064,
      0.5812101910828026,
      0.5843949044585988,
      0.5875796178343949,
      0.5907643312101911,
      0.5939490445859873,
      0.5955414012738853,
      0.5987261146496815,
      0.6019108280254777,
      0.6035031847133758,
      0.60828025477707,
      0.6114649681528662,
      0.6178343949044586,
      0.6210191082802548,
      0.6321656050955414,
      0.6321656050955414,
      0.6401273885350318,
      0.64171974522293,
      0.6496815286624203,
      0.6496815286624203,
      0.6544585987261147,
      0.6576433121019108,
      0.660828025477707,
      0.6640127388535032,
      0.6735668789808917,
      0.6767515923566879,
      0.6799363057324841,
      0.6831210191082803,
      0.6831210191082803,
      0.6926751592356688,
      0.695859872611465,
      0.697452229299363,
      0.6990445859872612,
      0.6990445859872612,
      0.7006369426751592,
      0.7006369426751592,
      0.7022292993630573,
      0.7022292993630573,
      0.7054140127388535,
      0.7085987261146497,
      0.7101910828025477,
      0.714968152866242,
      0.7213375796178344,
      0.7261146496815286,
      0.7308917197452229,
      0.7340764331210191,
      0.7404458598726115,
      0.7436305732484076,
      0.7595541401273885,
      0.7659235668789809,
      0.7691082802547771,
      0.7722929936305732,
      0.7754777070063694,
      0.7754777070063694,
      0.7802547770700637,
      0.785031847133758,
      0.7866242038216561,
      0.7961783439490446,
      0.7977707006369427,
      0.7977707006369427,
      0.8009554140127388,
      0.804140127388535,
      0.8073248407643312,
      0.8168789808917197,
      0.8200636942675159,
      0.8264331210191083,
      0.8296178343949044,
      0.839171974522293,
      0.8455414012738853,
      0.8503184713375797,
      0.8535031847133758,
      0.85828025477707,
      0.85828025477707,
      0.8630573248407644,
      0.8662420382165605,
      0.8694267515923567,
      0.8710191082802548,
      0.8742038216560509,
      0.8773885350318471,
      0.8789808917197452,
      0.8837579617834395,
      0.8980891719745223,
      0.9012738853503185,
      0.9044585987261147,
      0.9076433121019108,
      0.9092356687898089,
      0.9124203821656051,
      0.9235668789808917,
      0.928343949044586,
      0.9363057324840764,
      0.9363057324840764,
      0.9378980891719745,
      0.9410828025477707,
      0.9426751592356688,
      0.945859872611465,
      0.945859872611465,
      0.9490445859872612,
      0.9601910828025477,
      0.964968152866242,
      0.9681528662420382,
      0.9952229299363057,
      0.9984076433121019,
      1.0
    ],
    [
      0.0,
      0.0,
      0.0,
      0.0,
      0.0,
      0.0,
      0.0,
      0.0,
      0.0,
      0.0,
      0.0,
      0.0,
      0.0,
      0.0,
      0.0,
      0.0,
      0.0,
      0.0,
      0.0,
      0.0,
      0.0,
      0.0,
      0.0,
      0.017543859649122806,
      0.017543859649122806,
      0.03508771929824561,
      0.03508771929824561,
      0.05263157894736842,
      0.05263157894736842,
      0.05263157894736842,
      0.05263157894736842,
      0.05263157894736842,
      0.05263157894736842,
      0.05263157894736842,
      0.05263157894736842,
      0.05263157894736842,
      0.05263157894736842,
      0.05263157894736842,
      0.05263157894736842,
      0.07017543859649122,
      0.07017543859649122,
      0.07017543859649122,
      0.07017543859649122,
      0.07017543859649122,
      0.07017543859649122,
      0.07017543859649122,
      0.07017543859649122,
      0.08771929824561403,
      0.08771929824561403,
      0.08771929824561403,
      0.08771929824561403,
      0.08771929824561403,
      0.08771929824561403,
      0.08771929824561403,
      0.08771929824561403,
      0.08771929824561403,
      0.08771929824561403,
      0.08771929824561403,
      0.08771929824561403,
      0.10526315789473684,
      0.10526315789473684,
      0.10526315789473684,
      0.12280701754385964,
      0.12280701754385964,
      0.12280701754385964,
      0.12280701754385964,
      0.12280701754385964,
      0.12280701754385964,
      0.12280701754385964,
      0.12280701754385964,
      0.14035087719298245,
      0.14035087719298245,
      0.14035087719298245,
      0.14035087719298245,
      0.14035087719298245,
      0.14035087719298245,
      0.14035087719298245,
      0.14035087719298245,
      0.14035087719298245,
      0.14035087719298245,
      0.14035087719298245,
      0.14035087719298245,
      0.15789473684210525,
      0.19298245614035087,
      0.19298245614035087,
      0.19298245614035087,
      0.19298245614035087,
      0.19298245614035087,
      0.19298245614035087,
      0.19298245614035087,
      0.19298245614035087,
      0.19298245614035087,
      0.19298245614035087,
      0.19298245614035087,
      0.21052631578947367,
      0.21052631578947367,
      0.21052631578947367,
      0.21052631578947367,
      0.21052631578947367,
      0.21052631578947367,
      0.21052631578947367,
      0.21052631578947367,
      0.21052631578947367,
      0.21052631578947367,
      0.21052631578947367,
      0.21052631578947367,
