{
  "roc_auc": 0.276595744680851,
  "f1_score": 0.0,
  "accuracy": 0.2708333333333333,
  "precision": 0.0,
  "recall": 0.0,
  "roc_curve": [
    [
      0.0,
      0.06382978723404255,
      0.2553191489361702,
      0.5106382978723404,
      0.5531914893617021,
      0.723404255319149,
      0.723404255319149,
      0.8936170212765957,
      0.9361702127659575,
      0.9574468085106383,
      1.0
    ],
    [
      0.0,
      0.0,
      0.0,
      0.0,
      0.0,
      0.0,
      1.0,
      1.0,
      1.0,
      1.0,
      1.0
    ],
    [
      Infinity,
      0.00040729612283196825,
      -0.025676329002255693,
      -0.1419946430499378,
      -0.1476005066727214,
      -0.17984607413633136,
      -0.1815619507266723,
      -0.19168936738716896,
      -0.1943588931278014,
      -0.194825608244951,
      -0.20347881799790318
    ]
  ],
  "best_threshold": -0.1815619507266723
}