{
  "dataset": "pycbc_search",
  "method": "sentence_bert_isolation_forest",
  "roc_auc": 0.7661925445086154,
  "f1_score": 0.41830065359477125,
  "accuracy": 0.9193840579710145,
  "precision": 0.4507042253521127,
  "recall": 0.3902439024390244,
  "best_threshold": 0.020951799041777686
}