{
  "accuracy": 1.0,
  "precision": 1.0,
  "recall": 1.0,
  "f1_score": 1.0,
  "roc_auc": 1.0,
  "predictions": [
    0,
    0,
    0,
    0,
    0,
    0,
    0,
    0,
    0,
    0,
    0,
    0,
    0,
    0,
    0,
    0,
    0,
    0,
    0,
    1,
    0,
    0,
    0,
    0,
    0,
    0,
    0,
    0,
    0,
    0,
    0,
    0,
    0,
    1,
    0,
    0,
    0,
    0,
    0,
    0,
    0,
    0,
    0,
    0,
    0,
    0,
    0,
    1,
    0,
    0,
    0
  ],
  "probabilities": [
    0.0003029734070878476,
    0.00026738259475678205,
    0.00025118677876889706,
    0.00025216961512342095,
    0.00027694733580574393,
    0.00026530236937105656,
    0.0004512106243055314,
    0.00030774305923841894,
    0.00026738259475678205,
    0.00026221232837997377,
    0.00031381085864268243,
    0.0002694791473913938,
    0.00025118677876889706,
    0.00027586790383793414,
    0.0002663404738996178,
    0.0003150386910419911,
    0.00027911883080378175,
    0.00025514140725135803,
    0.0003275842755101621,
    0.9984238147735596,
    0.00026738259475678205,
    0.0002453695051372051,
    0.00026426833937875926,
    0.0002561397268436849,
    0.00026530236937105656,
    0.0002726548118516803,
    0.0002684288483578712,
    0.0002663404738996178,
    0.00024632958229631186,
    0.00031381085864268243,
    0.0002684288483578712,
    0.0003144242218695581,
    0.00025216961512342095,
    0.9984573125839233,
    0.00029827762045897543,
    0.00030415886431001127,
    0.0002994447131641209,
    0.00026221232837997377,
    0.00025814815307967365,
    0.0004682613362092525,
    0.0002726548118516803,
    0.00025915823061950505,
    0.0003340431721881032,
    0.00025514140725135803,
    0.0002601723244879395,
    0.0002684288483578712,
    0.0003314445202704519,
    0.9985104203224182,
    0.00027911883080378175,
    0.00033469597110524774,
    0.0002601723244879395
  ],
  "true_labels": [
    0,
    0,
    0,
    0,
    0,
    0,
    0,
    0,
    0,
    0,
    0,
    0,
    0,
    0,
    0,
    0,
    0,
    0,
    0,
    1,
    0,
    0,
    0,
    0,
    0,
    0,
    0,
    0,
    0,
    0,
    0,
    0,
    0,
    1,
    0,
    0,
    0,
    0,
    0,
    0,
    0,
    0,
    0,
    0,
    0,
    0,
    0,
    1,
    0,
    0,
    0
  ],
  "roc_curve": [
    [
      0.0,
      0.0,
      0.0,
      0.16666666666666666,
      0.20833333333333334,
      0.3125,
      0.3541666666666667,
      0.3958333333333333,
      0.4375,
      0.4583333333333333,
      0.5833333333333334,
      0.6666666666666666,
      0.6875,
      0.7708333333333334,
      0.8333333333333334,
      0.9583333333333334,
      1.0
    ],
    [
      0.0,
      0.3333333333333333,
      1.0,
      1.0,
      1.0,
      1.0,
      1.0,
      1.0,
      1.0,
      1.0,
      1.0,
      1.0,
      1.0,
      1.0,
      1.0,
      1.0,
      1.0
    ],
    [
      Infinity,
      0.9985104203224182,
      0.9984238147735596,
      0.0003144242218695581,
      0.00031381085864268243,
      0.00029827762045897543,
      0.00027911883080378175,
      0.00027586790383793414,
      0.0002726548118516803,
      0.0002694791473913938,
      0.00026738259475678205,
      0.00026530236937105656,
      0.00026426833937875926,
      0.0002601723244879395,
      0.0002561397268436849,
      0.00025118677876889706,
      0.0002453695051372051
    ]
  ],
  "train_losses": [
    0.2229534974321723,
    0.15144896134734154,
    0.1609697099775076,
    0.13564177695661783,
    0.09949361253529787,
    0.04058418932254426,
    0.002702119934838265,
    0.0008178716198017355,
    0.00025975041626224993,
    0.00016241611911027576,
    0.00013877918581783888,
    6.694954640806827e-05,
    2.5295717193785094e-05,
    3.2570290386502165e-05,
    3.27532027313282e-05
  ],
  "val_losses": [],
  "val_accuracies": [],
  "train_loss_steps": [
    0.27016741037368774,
    0.26613926887512207,
    0.2310197949409485,
    0.16968375444412231,
    0.2495923787355423,
    0.17787909507751465,
    0.0782247856259346,
    0.3409214913845062,
    0.14478200674057007,
    0.15121476352214813,
    0.21299484372138977,
    0.2362646460533142,
    0.17047667503356934,
    0.15973025560379028,
    0.09415948390960693,
    0.04196901619434357,
    0.15775194764137268,
    0.11043566465377808,
    0.2047419250011444,
    0.0978233590722084,
    0.32401934266090393,
    0.0861942395567894,
    0.14572148025035858,
    0.16106972098350525,
    0.22834418714046478,
    0.23011094331741333,
    0.07901868224143982,
    0.019542500376701355,
    0.21855223178863525,
    0.09061587601900101,
    0.13033492863178253,
    0.08861486613750458,
    0.02440487965941429,
    0.07076895982027054,
    0.10062848031520844,
    0.12288650870323181,
    0.1903197467327118,
    0.07471313327550888,
    0.04979937896132469,
    0.16242781281471252,
    0.07700010389089584,
    0.08229397237300873,
    0.04314567893743515,
    0.02324582263827324,
    0.03476932272315025,
    0.03179534524679184,
    0.0019613502081483603,
    0.03046191856265068,
    0.003949963487684727,
    0.0030940542928874493,
    0.0026563256978988647,
    0.0043338993564248085,
    0.0014063443522900343,
    0.0024849155452102423,
    0.0014571952633559704,
    0.0022342614829540253,
    0.0013054229784756899,
    0.0015498868888244033,
    0.0008289556135423481,
    0.0008302840869873762,
    0.0005490139592438936,
    0.0006594941369257867,
    0.0005248576635494828,
    0.00029505763086490333,
    0.0002216733992099762,
    0.0003003941383212805,
    0.0002744141675066203,
    0.00019445098587311804,
    0.0001896172616397962,
    0.0005073787178844213,
    0.00011485943832667544,
    0.0002752152213361114,
    0.00015449724742211401,
    0.0003469890507403761,
    0.00015270101721398532,
    0.00010350882075726986,
    5.2366707677720115e-05,
    0.0001557054347358644,
    0.0002170187362935394,
    0.00011654193804133683,
    8.7593580246903e-05,
    6.390560884028673e-05,
    0.000107915373519063,
    6.988558743614703e-05,
    0.0001012849243124947,
    0.0004459303163457662,
    5.4412743338616565e-05,
    0.00017930535250343382,
    4.1128540033241734e-05,
    5.645554483635351e-05,
    0.00011624734906945378,
    7.595165516249835e-05,
    6.789464532630518e-05,
    8.199272997444496e-05,
    6.777896487619728e-05,
    2.8146941986051388e-05,
    5.094373773317784e-05,
    2.2334301320370287e-05,
    1.945229814737104e-05,
    5.951520142843947e-05,
    1.1215331142011564e-05,
    1.8806797015713528e-05,
    1.3291931281855796e-05,
    6.8061394813412335e-06,
    3.867441409965977e-05,
    2.0810421119676903e-05,
    3.24942302540876e-05,
    2.1003825168008916e-05,
    3.0195273211575113e-05,
    4.484256714931689e-05,
    3.939907037420198e-05,
    3.314252171549015e-05,
    1.82691182999406e-05,
    4.110868030693382e-05,
    4.883055225946009e-05,
    2.086010863422416e-05,
    4.2923405999317765e-05,
    3.9415630453731865e-05,
    3.347282836330123e-05,
    1.7145297533716075e-05
  ],
  "val_loss_steps": [
    1.0947016107820673e-05
  ],
  "val_acc_steps": [
    1.0
  ],
  "val_roc_steps": [
    1.0
  ],
  "dataset": "pycbc_inference"
}