{
  "dataset": "eht_difmap",
  "method": "sentence_bert_isolation_forest",
  "roc_auc": 0.36597938144329895,
  "f1_score": 0.0,
  "accuracy": 0.5858585858585859,
  "precision": 0.0,
  "recall": 0.0,
  "best_threshold": -0.08758109862626368
}