{
  "roc_auc": 1.0,
  "f1_score": 0.9473684210526315,
  "accuracy": 0.98989898989899,
  "precision": 1.0,
  "recall": 0.9,
  "roc_curve": [
    [
      0.0,
      0.0,
      0.0,
      1.0
    ],
    [
      0.0,
      0.1,
      1.0,
      1.0
    ],
    [
      Infinity,
      1841511.25,
      1673526.625,
      0.024720583111047745
    ]
  ],
  "best_threshold": 1673526.625
}