{
  "roc_auc": NaN,
  "f1_score": 0.0,
  "accuracy": 0.08333333333333333,
  "precision": 0.0,
  "recall": 0.0,
  "roc_curve": [
    [
      0.0,
      0.08333333333333333,
      1.0
    ],
    [
      NaN,
      NaN,
      NaN
    ],
    [
      Infinity,
      1.73051516620374e+17,
      1.6578241976336384e+16
    ]
  ],
  "best_threshold": 1.6578241976336384e+16
}