{
  "roc_auc": 1.0,
  "f1_score": 0.9714285714285714,
  "accuracy": 0.9944444444444445,
  "precision": 1.0,
  "recall": 0.9444444444444444,
  "roc_curve": [
    [
      0.0,
      0.0,
      0.0,
      1.0
    ],
    [
      0.0,
      0.05555555555555555,
      1.0,
      1.0
    ],
    [
      Infinity,
      7166375197933568.0,
      551206506201088.0,
      0.0034321893472224474
    ]
  ],
  "best_threshold": 551206506201088.0
}