{
  "accuracy": 0.9696969696969697,
  "precision": 0.7,
  "recall": 1.0,
  "f1_score": 0.8235294117647058,
  "roc_auc": 0.9918478260869565,
  "predictions": [
    0,
    0,
    1,
    0,
    0,
    0,
    0,
    0,
    1,
    0,
    0,
    0,
    0,
    0,
    0,
    0,
    0,
    0,
    0,
    0,
    0,
    0,
    0,
    0,
    1,
    0,
    0,
    0,
    0,
    0,
    0,
    0,
    0,
    0,
    0,
    0,
    0,
    0,
    0,
    0,
    0,
    0,
    0,
    0,
    0,
    0,
    0,
    0,
    0,
    1,
    0,
    0,
    1,
    0,
    0,
    0,
    0,
    1,
    0,
    0,
    0,
    0,
    0,
    0,
    0,
    0,
    1,
    1,
    0,
    0,
    1,
    0,
    0,
    0,
    0,
    0,
    0,
    1,
    0,
    0,
    0,
    0,
    0,
    0,
    1,
    0,
    0,
    0,
    0,
    0,
    0,
    0,
    0,
    0,
    0,
    0,
    0,
    0,
    0,
    0,
    0,
    0,
    0,
    0,
    0,
    0,
    0,
    0,
    0,
    0,
    0,
    0,
    0,
    0,
    0,
    0,
    0,
    1,
    0,
    0,
    0,
    0,
    0,
    0,
    0,
    0,
    0,
    0,
    0,
    1,
    1,
    0,
    0,
    0,
    0,
    0,
    0,
    0,
    0,
    0,
    0,
    0,
    0,
    0,
    0,
    0,
    1,
    0,
    0,
    0,
    0,
    0,
    0,
    0,
    0,
    0,
    0,
    0,
    0,
    0,
    1,
    0,
    0,
    0,
    0,
    0,
    0,
    1,
    0,
    0,
    0,
    0,
    0,
    1,
    0,
    0,
    0,
    0,
    0,
    0,
    0,
    0,
    0,
    0,
    0,
    0,
    0,
    0,
    0,
    0,
    0,
    0,
    0,
    0,
    1,
    0,
    1,
    0
  ],
  "anomaly_scores": [
    -94.82615480214412,
    -87.44990132224646,
    358.69971692629,
    -93.1659296933846,
    -93.36865911406086,
    -97.03799949324983,
    -93.81373359351561,
    -90.39336561854218,
    -15.393145871037913,
    -91.28784966379928,
    -94.16255217837691,
    -95.37765354550044,
    -90.83546538037224,
    -92.86386992605183,
    -147.2864659040099,
    -91.71084194887398,
    -94.55662556175706,
    -94.45734760668857,
    -91.03264640657177,
    -96.60644995974252,
    -85.45014580927612,
    -95.28069331811034,
    -94.75645649932996,
    -90.78056667414384,
    23.250788557482384,
    -89.56056694994516,
    -74.81151042785594,
    -88.37159332664972,
    -87.15759308373265,
    -85.56178131289009,
    -90.57274406764458,
    -90.20894361308017,
    -92.43507139508533,
    -149.1651905272597,
    -92.71179383026735,
    -91.85350176031967,
    -92.3211396586351,
    -93.27554243051681,
    -85.10596413468944,
    -77.45373064136756,
    -88.19082541578773,
    -95.49832758946293,
    -96.35348182774723,
    -98.13324192869264,
    -95.43792698030688,
    -91.02434066297594,
    -82.6930876378677,
    -95.31513517458104,
    -95.9343177805289,
    -65.88136315979045,
    -85.68792532256077,
    -91.31451213881964,
    -14.024018452391811,
    -96.04027822137387,
    -91.7582969170685,
    -83.73908712697107,
    -90.4189794960454,
    -18.05592608752755,
    -92.15178563025401,
    -94.82077252067718,
    -92.242369964867,
    -93.40310507892201,
    -87.74898954664933,
    -94.5761947188132,
    -94.93391006250428,
    -89.80225174413665,
    -68.78243270230196,
    -68.78790345331286,
    -95.92015938804307,
    -146.65310401161148,
    -42.186895429354806,
    -85.04158865382362,
    -87.92036697765704,
    -88.00621753770217,
    -97.63569933041857,
    -87.11883433625601,
    -86.3024071568601,
    -47.85473660534417,
    -95.8484812039569,
    -88.56146071500122,
    -97.38256828870047,
    -96.98669236184111,
    -96.46037961625339,
    -96.12155481651088,
    -66.67894421806034,
    -96.21937927510773,
    -88.11889139647145,
    -93.2141732526576,
    -74.56207110870797,
    -92.53123222359457,
    -81.95415856935972,
    -89.25600040134002,
    -98.59901272156692,
    -86.96281599370096,
    -90.22921006356258,
    -94.22916714774755,
    -147.75570922122893,
    -96.95262513952447,
    -88.13915606836437,
    -88.46124151213598,
    -91.48083899742316,
    -95.44436321688737,
    -88.35721587453267,
    -89.42530732331419,
    -94.055033458187,
    -90.07924370392902,
    -84.90162410021641,
    -94.54013823860025,
    -95.47736662000995,
    -92.88002948429306,
    -89.50750499716878,
    -81.5335264175701,
    -94.85109283137092,
    -93.85872368812892,
    -93.6975089523828,
    -89.19618487329151,
    -96.63417880747656,
    -32.82311979705989,
    -87.96946081051136,
    -89.78030723062946,
    -93.11861211447909,
    -96.82006202810402,
    -94.41784360890026,
    -95.1843402441472,
    -89.73754228331102,
    -85.2457217536426,
    -85.84956005921623,
    -95.49529248956841,
    -93.93660313751262,
    -46.349944269614646,
    497.9575090360893,
    -79.2424220705809,
    -86.34240473696116,
    -82.43943084829577,
    -92.83775133080336,
    -94.93431646682869,
    -95.31937668504183,
    -96.80268783016726,
    -92.77558233362616,
    -96.07925905210243,
    -87.39872798081491,
    -96.91994481797472,
    -95.39217190360405,
    -87.045398393715,
    -94.54136808600495,
    -89.7947117004926,
    -67.6853127985778,
    -86.87050403824057,
    -93.54117809250508,
    -96.50880657966978,
    -88.7060624205806,
    -88.80618137857846,
    -93.57553911286777,
    -88.60426564230933,
    -92.21602593504878,
    -94.31601308669981,
    -90.93826235374372,
    -88.18829710720513,
    -97.10557467456623,
    -90.27134864133829,
    -73.89407255692808,
    -94.01153403868257,
    -148.18178615780133,
    -81.37507675308649,
    -98.18511816527358,
    -88.83756725987612,
    -141.17478321374708,
    -66.89225135069266,
    -92.50830926930412,
    -95.07831591594987,
    -95.82500722591976,
    -92.03575466096999,
    -81.67988366141046,
    -74.26042675150093,
    -95.12561399439117,
    -94.13893541354771,
    -93.42514689112257,
    -93.45611121305593,
    -93.60021722576009,
    -95.04737298078608,
    -90.42758049712162,
    -92.7786413590993,
    -92.94266690038678,
    -88.69742194069073,
    -86.82216773067098,
    -94.38237930057143,
    -84.01789060143078,
    -91.16067663224683,
    -93.18520160792046,
    -88.97746739760925,
    -93.50512215744057,
    -86.22716672523077,
    -86.7543638513545,
    -91.12584349068443,
    -38.999753002168106,
    -87.77036376093105,
    123.19328593355455,
    -89.90019267344749
  ],
  "true_labels": [
    0,
    0,
    1,
    0,
    0,
    0,
    0,
    0,
    1,
    0,
    0,
    0,
    0,
    0,
    0,
    0,
    0,
    0,
    0,
    0,
    0,
    0,
    0,
    0,
    1,
    0,
    0,
    0,
    0,
    0,
    0,
    0,
    0,
    0,
    0,
    0,
    0,
    0,
    0,
    0,
    0,
    0,
    0,
    0,
    0,
    0,
    0,
    0,
    0,
    1,
    0,
    0,
    1,
    0,
    0,
    0,
    0,
    1,
    0,
    0,
    0,
    0,
    0,
    0,
    0,
    0,
    1,
    1,
    0,
    0,
    1,
    0,
    0,
    0,
    0,
    0,
    0,
    1,
    0,
    0,
    0,
    0,
    0,
    0,
    0,
    0,
    0,
    0,
    0,
    0,
    0,
    0,
    0,
    0,
    0,
    0,
    0,
    0,
    0,
    0,
    0,
    0,
    0,
    0,
    0,
    0,
    0,
    0,
    0,
    0,
    0,
    0,
    0,
    0,
    0,
    0,
    0,
    0,
    0,
    0,
    0,
    0,
    0,
    0,
    0,
    0,
    0,
    0,
    0,
    0,
    1,
    0,
    0,
    0,
    0,
    0,
    0,
    0,
    0,
    0,
    0,
    0,
    0,
    0,
    0,
    0,
    0,
    0,
    0,
    0,
    0,
    0,
    0,
    0,
    0,
    0,
    0,
    0,
    0,
    0,
    1,
    0,
    0,
    0,
    0,
    0,
    0,
    0,
    0,
    0,
    0,
    0,
    0,
    0,
    0,
    0,
    0,
    0,
    0,
    0,
    0,
    0,
    0,
    0,
    0,
    0,
    0,
    0,
    0,
    0,
    0,
    0,
    0,
    0,
    1,
    0,
    1,
    0
  ],