{
  "roc_auc": 0.26366074421723096,
  "f1_score": 0.1155433287482806,
  "accuracy": 0.061313868613138686,
  "precision": 0.0626865671641791,
  "recall": 0.7368421052631579,
  "roc_curve": [
    [
      0.0,
      0.0015923566878980893,
      0.0015923566878980893,
      0.01751592356687898,
      0.01751592356687898,
      0.07961783439490445,
      0.09235668789808917,
      0.09713375796178345,
      0.11942675159235669,
      0.1305732484076433,
      0.1305732484076433,
      0.16401273885350318,
      0.16719745222929935,
      0.17197452229299362,
      0.17834394904458598,
      0.18471337579617833,
      0.18471337579617833,
      0.2054140127388535,
      0.2085987261146497,
      0.21656050955414013,
      0.22611464968152867,
      0.22929936305732485,
      0.23248407643312102,
      0.24203821656050956,
      0.24522292993630573,
      0.24522292993630573,
      0.2531847133757962,
      0.25636942675159236,
      0.2643312101910828,
      0.267515923566879,
      0.26910828025477707,
      0.27229299363057324,
      0.2770700636942675,
      0.2786624203821656,
      0.2818471337579618,
      0.28503184713375795,
      0.2914012738853503,
      0.2945859872611465,
      0.30095541401273884,
      0.30254777070063693,
      0.3057324840764331,
      0.3073248407643312,
      0.3105095541401274,
      0.31369426751592355,
      0.31687898089171973,
      0.321656050955414,
      0.32802547770700635,
      0.3343949044585987,
      0.3375796178343949,
      0.3375796178343949,
      0.35828025477707004,
      0.3614649681528662,
      0.3646496815286624,
      0.3678343949044586,
      0.37101910828025475,
      0.37579617834394907,
      0.37898089171974525,
      0.3885350318471338,
      0.39171974522292996,
      0.39331210191082805,
      0.3964968152866242,
      0.4012738853503185,
      0.40605095541401276,
      0.40923566878980894,
      0.4124203821656051,
      0.4156050955414013,
      0.42197452229299365,
      0.4251592356687898,
      0.4267515923566879,
      0.43630573248407645,
      0.4394904458598726,
      0.4410828025477707,
      0.4442675159235669,
      0.45222929936305734,
      0.45222929936305734,
      0.4554140127388535,
      0.4601910828025478,
      0.4697452229299363,
      0.4713375796178344,
      0.4745222929936306,
      0.47611464968152867,
      0.47929936305732485,
      0.48089171974522293,
      0.4856687898089172,
      0.4872611464968153,
      0.49044585987261147,
      0.49363057324840764,
      0.49522292993630573,
      0.49522292993630573,
      0.4968152866242038,
      0.5,
      0.5015923566878981,
      0.5015923566878981,
      0.5031847133757962,
      0.5063694267515924,
      0.5238853503184714,
      0.5366242038216561,
      0.5398089171974523,
      0.5429936305732485,
      0.5445859872611465,
      0.5461783439490446,
      0.5509554140127388,
      0.552547770700637,
      0.5573248407643312,
      0.5605095541401274,
      0.5621019108280255,
      0.5668789808917197,
      0.5668789808917197,
      0.5700636942675159,
      0.5764331210191083,
      0.5764331210191083,
      0.5796178343949044,
      0.5955414012738853,
      0.643312101910828,
      0.6496815286624203,
      0.6512738853503185,
      0.6560509554140127,
      0.6576433121019108,
      0.6671974522292994,
      0.6735668789808917,
      0.6799363057324841,
      0.6831210191082803,
      0.6863057324840764,
      0.6910828025477707,
      0.6942675159235668,
      0.697452229299363,
      0.7292993630573248,
      0.7770700636942676,
      0.7802547770700637,
      0.7818471337579618,
      0.785031847133758,
      0.7898089171974523,
      0.7898089171974523,
      0.7961783439490446,
      0.8009554140127388,
      0.8009554140127388,
      0.8152866242038217,
      0.8152866242038217,
      0.8184713375796179,
      0.8200636942675159,
      0.8407643312101911,
      0.8503184713375797,
      0.8535031847133758,
      0.8694267515923567,
      0.8789808917197452,
      0.9028662420382165,
      0.9426751592356688,
      0.9554140127388535,
      0.9570063694267515,
      0.9665605095541401,
      0.9681528662420382,
      0.9713375796178344,
      0.9745222929936306,
      0.9792993630573248,
      0.982484076433121,
      0.9984076433121019,
      1.0,
      1.0
    ],
    [
      0.0,
      0.0,
      0.017543859649122806,
      0.017543859649122806,
      0.03508771929824561,
      0.03508771929824561,
      0.03508771929824561,
      0.03508771929824561,
      0.03508771929824561,
      0.03508771929824561,
      0.05263157894736842,
      0.05263157894736842,
      0.05263157894736842,
      0.05263157894736842,
      0.05263157894736842,
      0.05263157894736842,
      0.07017543859649122,
      0.07017543859649122,
      0.07017543859649122,
      0.07017543859649122,
      0.07017543859649122,
      0.07017543859649122,
      0.08771929824561403,
      0.08771929824561403,
      0.08771929824561403,
      0.10526315789473684,
      0.10526315789473684,
      0.10526315789473684,
      0.10526315789473684,
      0.10526315789473684,
      0.10526315789473684,
      0.12280701754385964,
      0.12280701754385964,
      0.12280701754385964,
      0.12280701754385964,
      0.14035087719298245,
      0.14035087719298245,
      0.14035087719298245,
      0.14035087719298245,
      0.14035087719298245,
      0.14035087719298245,
      0.14035087719298245,
      0.14035087719298245,
      0.14035087719298245,
      0.14035087719298245,
      0.14035087719298245,
      0.14035087719298245,
      0.14035087719298245,
      0.14035087719298245,
      0.15789473684210525,
      0.15789473684210525,
      0.15789473684210525,
      0.15789473684210525,
      0.15789473684210525,
      0.17543859649122806,
      0.17543859649122806,
      0.17543859649122806,
      0.17543859649122806,
      0.17543859649122806,
      0.17543859649122806,
      0.17543859649122806,
      0.17543859649122806,
      0.17543859649122806,
      0.17543859649122806,
      0.17543859649122806,
      0.17543859649122806,
      0.17543859649122806,
      0.17543859649122806,
      0.17543859649122806,
      0.17543859649122806,
      0.17543859649122806,
      0.17543859649122806,
      0.17543859649122806,
      0.17543859649122806,
      0.19298245614035087,
      0.19298245614035087,
      0.19298245614035087,
      0.19298245614035087,
      0.19298245614035087,
      0.19298245614035087,
      0.19298245614035087,
      0.19298245614035087,
      0.19298245614035087,
      0.19298245614035087,
      0.19298245614035087,
      0.21052631578947367,
      0.21052631578947367,
      0.21052631578947367,
      0.22807017543859648,
      0.22807017543859648,
      0.22807017543859648,
      0.22807017543859648,
      0.24561403508771928,
      0.24561403508771928,
      0.24561403508771928,
      0.24561403508771928,
      0.24561403508771928,
      0.2631578947368421,
      0.2631578947368421,
      0.2807017543859649,
      0.2807017543859649,
      0.2807017543859649,
      0.2807017543859649,
      0.2807017543859649,
      0.2807017543859649,
      0.2807017543859649,
      0.2807017543859649,
      0.2982456140350877,
      0.2982456140350877,
      0.2982456140350877,
      0.3684210526315789,
      0.3684210526315789,
      0.3684210526315789,
      0.3684210526315789,
      0.3684210526315789,
      0.3684210526315789,
      0.3684210526315789,
      0.3684210526315789,
      0.3684210526315789,
      0.3684210526315789,
      0.3684210526315789,
      0.3684210526315789,
      0.3684210526315789,
      0.3684210526315789,
      0.40350877192982454,
      0.40350877192982454,
      0.40350877192982454,
      0.40350877192982454,
      0.40350877192982454,
      0.40350877192982454,
      0.40350877192982454,
      0.40350877192982454,
      0.43859649122807015,
      0.43859649122807015,
      0.43859649122807015,
      0.45614035087719296,
      0.45614035087719296,
      0.47368421052631576,
      0.47368421052631576,
