{
  "roc_auc": 0.8936160276467566,
  "f1_score": 0.5853658536585366,
  "accuracy": 0.8950617283950617,
  "precision": 0.4864864864864865,
  "recall": 0.7346938775510204,
  "roc_curve": [
    [
      0.0,
      0.002288329519450801,
      0.011441647597254004,
      0.011441647597254004,
      0.02288329519450801,
      0.02745995423340961,
      0.041189931350114416,
      0.041189931350114416,
      0.041189931350114416,
      0.041189931350114416,
      0.059496567505720827,
      0.059496567505720827,
      0.059496567505720827,
      0.06407322654462243,
      0.06407322654462243,
      0.06864988558352403,
      0.06864988558352403,
      0.07551487414187644,
      0.07551487414187644,
      0.07551487414187644,
      0.07551487414187644,
      0.08009153318077804,
      0.08009153318077804,
      0.08695652173913043,
      0.08695652173913043,
      0.10755148741418764,
      0.10755148741418764,
      0.16247139588100687,
      0.16247139588100687,
      0.21967963386727687,
      0.21967963386727687,
      0.2494279176201373,
      0.2494279176201373,
      0.2517162471395881,
      0.2517162471395881,
      0.2585812356979405,
      0.2585812356979405,
      0.2791762013729977,
      0.2791762013729977,
      0.2814645308924485,
      0.2814645308924485,
      0.2837528604118993,
      0.2837528604118993,
      1.0
    ],
    [
      0.0,
      0.0,
      0.0,
      0.02040816326530612,
      0.02040816326530612,
      0.02040816326530612,
      0.02040816326530612,
      0.14285714285714285,
      0.1836734693877551,
      0.2653061224489796,
      0.2653061224489796,
      0.3469387755102041,
      0.3877551020408163,
      0.3877551020408163,
      0.40816326530612246,
      0.40816326530612246,
      0.42857142857142855,
      0.42857142857142855,
      0.5102040816326531,
      0.5510204081632653,
      0.5714285714285714,
      0.5714285714285714,
      0.6530612244897959,
      0.6530612244897959,
      0.7551020408163265,
      0.7551020408163265,
      0.7755102040816326,
      0.7755102040816326,
      0.7959183673469388,
      0.7959183673469388,
      0.8163265306122449,
      0.8163265306122449,
      0.8367346938775511,
      0.8367346938775511,
      0.8571428571428571,
      0.8571428571428571,
      0.8775510204081632,
      0.8775510204081632,
      0.9387755102040817,
      0.9387755102040817,
      0.9795918367346939,
      0.9795918367346939,
      1.0,
      1.0
    ],
    [
      Infinity,
      55778897920.0,
      18588008448.0,
      17239996416.0,
      13551335424.0,
      13146241024.0,
      11396610048.0,
      9519279104.0,
      9399150592.0,
      7566624256.0,
      5409650688.0,
      5244866560.0,
      5244865024.0,
      5076553216.0,
      5052352000.0,
      4833061888.0,
      4711078400.0,
      4345124864.0,
      3893172992.0,
      3893172224.0,
      3705962752.0,
      3705961472.0,
      3645986560.0,
      3427597568.0,
      3265769984.0,
      2880709632.0,
      2869372672.0,
      2682135808.0,
      2681313024.0,
      2346211328.0,
      2343014912.0,
      2251771392.0,
      2244848384.0,
      2236947968.0,
      2217524736.0,
      2201712640.0,
      2197886720.0,
      2131806592.0,
      2122715136.0,
      2122713856.0,
      2122711552.0,
      2109571200.0,
      2041920768.0,
      0.032796408981084824
    ]
  ],
  "best_threshold": 3265769984.0
}