{
  "roc_auc": NaN,
  "f1_score": 0.0,
  "accuracy": 0.006060606060606061,
  "precision": 0.0,
  "recall": 0.0,
  "roc_curve": [
    [
      0.0,
      0.006060606060606061,
      0.024242424242424242,
      0.03636363636363636,
      0.2545454545454545,
      0.26666666666666666,
      0.2909090909090909,
      0.30303030303030304,
      0.3939393939393939,
      0.4121212121212121,
      0.6121212121212121,
      0.6242424242424243,
      0.6727272727272727,
      0.6848484848484848,
      0.9090909090909091,
      0.9212121212121213,
      1.0
    ],
    [
      NaN,
      NaN,
      NaN,
      NaN,
      NaN,
      NaN,
      NaN,
      NaN,
      NaN,
      NaN,
      NaN,
      NaN,
      NaN,
      NaN,
      NaN,
      NaN,
      NaN
    ],
    [
      Infinity,
      1.5272610959605105e+18,
      2.376262640163881e+17,
      2.3732037644556698e+17,
      5.329275307268506e+16,
      5.319318714082918e+16,
      4.857224041699738e+16,
      4.775965837439795e+16,
      4.483359164491366e+16,
      4.483357017007718e+16,
      3.336501105734451e+16,
      3.082614207204557e+16,
      2.9806188270977024e+16,
      2.9602465087225856e+16,
      1.9417991674331136e+16,
      1.94179766419456e+16,
      1.523933316644864e+16
    ]
  ],
  "best_threshold": 1.523933316644864e+16
}