{
  "roc_auc": 0.6241955069823923,
  "f1_score": 0.38596491228070173,
  "accuracy": 0.9148418491484185,
  "precision": 0.9166666666666666,
  "recall": 0.24444444444444444,
  "roc_curve": [
    [
      0.0,
      0.0,
      0.00273224043715847,
      0.00273224043715847,
      0.00819672131147541,
      0.01366120218579235,
      0.02185792349726776,
      0.02185792349726776,
      0.0273224043715847,
      0.03551912568306011,
      0.03551912568306011,
      0.03825136612021858,
      0.04644808743169399,
      0.04918032786885246,
      0.0546448087431694,
      0.06284153005464481,
      0.06284153005464481,
      0.09562841530054644,
      0.10382513661202186,
      0.12021857923497267,
      0.1284153005464481,
      0.13114754098360656,
      0.1366120218579235,
      0.1448087431693989,
      0.15027322404371585,
      0.15300546448087432,
      0.15846994535519127,
      0.16120218579234974,
      0.16120218579234974,
      0.17759562841530055,
      0.18579234972677597,
      0.1912568306010929,
      0.1912568306010929,
      0.19398907103825136,
      0.20218579234972678,
      0.20491803278688525,
      0.21311475409836064,
      0.2540983606557377,
      0.26229508196721313,
      0.2650273224043716,
      0.27049180327868855,
      0.2923497267759563,
      0.3005464480874317,
      0.30601092896174864,
      0.31420765027322406,
      0.3224043715846995,
      0.33060109289617484,
      0.34153005464480873,
      0.3469945355191257,
      0.3469945355191257,
      0.36885245901639346,
      0.3743169398907104,
      0.3879781420765027,
      0.39344262295081966,
      0.39344262295081966,
      0.4016393442622951,
      0.40710382513661203,
      0.43989071038251365,
      0.4453551912568306,
      0.453551912568306,
      0.46994535519125685,
      0.46994535519125685,
      0.47540983606557374,
      0.4808743169398907,
      0.4890710382513661,
      0.4890710382513661,
      0.4918032786885246,
      0.5,
      0.5191256830601093,
      0.5191256830601093,
      0.5245901639344263,
      0.5300546448087432,
      0.5327868852459017,
      0.5546448087431693,
      0.5546448087431693,
      0.5601092896174863,
      0.5655737704918032,
      0.5819672131147541,
      0.587431693989071,
      0.592896174863388,
      0.5956284153005464,
      0.5983606557377049,
      0.6038251366120219,
      0.6174863387978142,
      0.6174863387978142,
      0.6202185792349727,
      0.6284153005464481,
      0.6338797814207651,
      0.6475409836065574,
      0.6584699453551912,
      0.6666666666666666,
      0.6666666666666666,
      0.6721311475409836,
      0.680327868852459,
      0.6939890710382514,
      0.6939890710382514,
      0.7021857923497268,
      0.7131147540983607,
      0.7185792349726776,
      0.7213114754098361,
      0.7377049180327869,
      0.7459016393442623,
      0.7568306010928961,
      0.7595628415300546,
      0.76775956284153,
      0.773224043715847,
      0.773224043715847,
      0.7814207650273224,
      0.7868852459016393,
      0.7978142076502732,
      0.8060109289617486,
      0.8087431693989071,
      0.8087431693989071,
      0.8142076502732241,
      0.8224043715846995,
      0.8278688524590164,
      0.8360655737704918,
      0.8360655737704918,
      0.8415300546448088,
      0.8442622950819673,
      0.8469945355191257,
      0.8497267759562842,
      0.855191256830601,
      0.8579234972677595,
      0.8579234972677595,
      0.8633879781420765,
      0.8743169398907104,
      0.8743169398907104,
      0.8770491803278688,
      0.8879781420765027,
      0.8934426229508197,
      0.8934426229508197,
      0.9016393442622951,
      0.907103825136612,
      0.9153005464480874,
      0.9207650273224044,
      0.9234972677595629,
      0.9371584699453552,
      0.9480874316939891,
      0.9699453551912568,
      0.9699453551912568,
      0.9754098360655737,
      0.9781420765027322,
      0.9863387978142076,
      0.9918032786885246,
      0.9918032786885246,
      1.0
    ],
    [
      0.0,
      0.06666666666666667,
      0.1111111111111111,
      0.3111111111111111,
      0.3111111111111111,
      0.3111111111111111,
      0.3111111111111111,
      0.35555555555555557,
      0.35555555555555557,
      0.35555555555555557,
      0.37777777777777777,
      0.37777777777777777,
      0.37777777777777777,
      0.37777777777777777,
      0.37777777777777777,
      0.37777777777777777,
      0.4,
      0.4,
      0.4,
      0.4,
      0.4,
      0.4,
      0.4,
      0.4,
      0.4,
      0.4,
      0.4,
      0.4,
      0.4444444444444444,
      0.4444444444444444,
      0.4444444444444444,
      0.4444444444444444,
      0.4666666666666667,
      0.4666666666666667,
      0.4666666666666667,
      0.4666666666666667,
      0.4666666666666667,
      0.4666666666666667,
      0.4666666666666667,
      0.4666666666666667,
      0.4666666666666667,
      0.4666666666666667,
      0.4666666666666667,
      0.4666666666666667,
      0.4666666666666667,
      0.4666666666666667,
      0.4666666666666667,
      0.4666666666666667,
      0.4666666666666667,
      0.4888888888888889,
      0.4888888888888889,
      0.4888888888888889,
      0.4888888888888889,
      0.4888888888888889,
      0.5111111111111111,
      0.5111111111111111,
      0.5111111111111111,
      0.5111111111111111,
      0.5111111111111111,
      0.5111111111111111,
      0.5111111111111111,
      0.5555555555555556,
      0.5555555555555556,
      0.5555555555555556,
      0.5555555555555556,
      0.6,
      0.6,
      0.6,
      0.6,
      0.6222222222222222,
      0.6222222222222222,
      0.6222222222222222,
      0.6444444444444445,
      0.6444444444444445,
      0.6666666666666666,
      0.6666666666666666,
      0.6666666666666666,
      0.6666666666666666,
      0.6666666666666666,
      0.6666666666666666,
      0.6888888888888889,
      0.6888888888888889,
      0.6888888888888889,
      0.6888888888888889,
      0.7111111111111111,
      0.7333333333333333,
      0.7333333333333333,
      0.7333333333333333,
      0.7333333333333333,
      0.7333333333333333,
      0.7333333333333333,
      0.7555555555555555,
      0.7555555555555555,
      0.7555555555555555,
      0.7555555555555555,
      0.7777777777777778,
      0.7777777777777778,
      0.7777777777777778,
      0.7777777777777778,
      0.7777777777777778,
      0.7777777777777778,
      0.7777777777777778,
      0.7777777777777778,
      0.7777777777777778,
      0.7777777777777778,
      0.7777777777777778,
      0.8,
      0.8,
      0.8,
      0.8,
      0.8,
      0.8,
      0.8222222222222222,
      0.8222222222222222,
      0.8222222222222222,
      0.8222222222222222,
      0.8222222222222222,
      0.8444444444444444,
      0.8444444444444444,
      0.8444444444444444,
      0.8666666666666667,
      0.8666666666666667,
      0.8666666666666667,
      0.8666666666666667,
      0.8888888888888888,
      0.8888888888888888,
      0.8888888888888888,
      0.9111111111111111,
      0.9111111111111111,
      0.9111111111111111,
      0.9111111111111111,
      0.9333333333333333,
      0.9333333333333333,
      0.9333333333333333,
      0.9333333333333333,
      0.9333333333333333,
      0.9555555555555556,
      0.9555555555555556,
      0.9555555555555556,
      0.9555555555555556,
      0.9777777777777777,
      0.9777777777777777,
      0.9777777777777777,
      0.9777777777777777,
      0.9777777777777777,
      1.0,
      1.0
    ],
    [
      Infinity,
      0.07158163820781249,
      0.06358945378967928,
      0.04108362579105823,
      0.00930392215002046,
      0.007329915274602472,
      0.006951118011703394,
      0.006295018506632,
      0.006212731655009629,
      0.004074563056584324,
      0.0035376419922803493,
      0.002957999094516439,
      0.002480325057856503,
      0.0018878056751558958,
      0.0014325999834715053,
      0.0005923916049529465,
      0.00018836729725618673,
      -0.0016823906944260503,
      -0.0017299217478453088,
