{
  "roc_auc": NaN,
  "f1_score": 0.0,
  "accuracy": 0.058823529411764705,
  "precision": 0.0,
  "recall": 0.0,
  "roc_curve": [
    [
      0.0,
      0.058823529411764705,
      1.0
    ],
    [
      NaN,
      NaN,
      NaN
    ],
    [
      Infinity,
      1.7435670564202086e+17,
      4.248133254617498e+16
    ]
  ],
  "best_threshold": 4.248133254617498e+16
}