{
  "roc_auc": 0.6667225388311542,
  "f1_score": 0.4935064935064935,
  "accuracy": 0.9430656934306569,
  "precision": 0.95,
  "recall": 0.3333333333333333,
  "roc_curve": [
    [
      0.0,
      0.0,
      0.0015923566878980893,
      0.0015923566878980893,
      0.009554140127388535,
      0.014331210191082803,
      0.02388535031847134,
      0.027070063694267517,
      0.03343949044585987,
      0.03503184713375796,
      0.03821656050955414,
      0.03980891719745223,
      0.04777070063694268,
      0.050955414012738856,
      0.054140127388535034,
      0.05732484076433121,
      0.06528662420382166,
      0.06847133757961783,
      0.07006369426751592,
      0.0732484076433121,
      0.08121019108280254,
      0.08917197452229299,
      0.09554140127388536,
      0.10031847133757962,
      0.10987261146496816,
      0.1178343949044586,
      0.12738853503184713,
      0.1305732484076433,
      0.13535031847133758,
      0.13694267515923567,
      0.13694267515923567,
      0.14171974522292993,
      0.1449044585987261,
      0.14968152866242038,
      0.15445859872611464,
      0.15764331210191082,
      0.17038216560509553,
      0.17834394904458598,
      0.18152866242038215,
      0.18312101910828024,
      0.18630573248407642,
      0.19745222929936307,
      0.20222929936305734,
      0.20382165605095542,
      0.2085987261146497,
      0.21656050955414013,
      0.2197452229299363,
      0.2213375796178344,
      0.22452229299363058,
      0.22770700636942676,
      0.22770700636942676,
      0.22929936305732485,
      0.2356687898089172,
      0.24681528662420382,
      0.2531847133757962,
      0.25477707006369427,
      0.25477707006369427,
      0.2627388535031847,
      0.2659235668789809,
      0.26910828025477707,
      0.2770700636942675,
      0.2802547770700637,
      0.28662420382165604,
      0.2914012738853503,
      0.2945859872611465,
      0.2961783439490446,
      0.29936305732484075,
      0.30095541401273884,
      0.30095541401273884,
      0.3057324840764331,
      0.3089171974522293,
      0.31369426751592355,
      0.321656050955414,
      0.3248407643312102,
      0.32802547770700635,
      0.33121019108280253,
      0.3343949044585987,
      0.3375796178343949,
      0.339171974522293,
      0.34235668789808915,
      0.34235668789808915,
      0.34394904458598724,
      0.3487261146496815,
      0.35668789808917195,
      0.35987261146496813,
      0.3646496815286624,
      0.36942675159235666,
      0.37261146496815284,
      0.38057324840764334,
      0.3853503184713376,
      0.39012738853503187,
      0.39171974522292996,
      0.39490445859872614,
      0.3964968152866242,
      0.40445859872611467,
      0.40764331210191085,
      0.43471337579617836,
      0.43789808917197454,
      0.43789808917197454,
      0.4394904458598726,
      0.4426751592356688,
      0.45063694267515925,
      0.4538216560509554,
      0.4585987261146497,
      0.46496815286624205,
      0.4713375796178344,
      0.4745222929936306,
      0.47770700636942676,
      0.482484076433121,
      0.4888535031847134,
      0.49522292993630573,
      0.5047770700636943,
      0.5047770700636943,
      0.5111464968152867,
      0.517515923566879,
      0.5207006369426752,
      0.5238853503184714,
      0.5286624203821656,
      0.5286624203821656,
      0.5318471337579618,
      0.5318471337579618,
      0.5398089171974523,
      0.5429936305732485,
      0.5445859872611465,
      0.552547770700637,
      0.5589171974522293,
      0.5684713375796179,
      0.571656050955414,
      0.5748407643312102,
      0.5828025477707006,
      0.5939490445859873,
      0.6019108280254777,
      0.606687898089172,
      0.6098726114649682,
      0.6130573248407644,
      0.6210191082802548,
      0.6242038216560509,
      0.6257961783439491,
      0.6289808917197452,
      0.6321656050955414,
      0.6353503184713376,
      0.6385350318471338,
      0.6385350318471338,
      0.6401273885350318,
      0.6449044585987261,
      0.6464968152866242,
      0.6496815286624203,
      0.6512738853503185,
      0.660828025477707,
      0.6624203821656051,
      0.6640127388535032,
      0.6671974522292994,
      0.6751592356687898,
      0.6767515923566879,
      0.6799363057324841,
      0.6847133757961783,
      0.6894904458598726,
      0.695859872611465,
      0.6990445859872612,
      0.7006369426751592,
      0.7038216560509554,
      0.7054140127388535,
      0.7101910828025477,
      0.714968152866242,
      0.714968152866242,
      0.7181528662420382,
      0.7261146496815286,
      0.732484076433121,
      0.7340764331210191,
      0.7420382165605095,
      0.7436305732484076,
      0.7484076433121019,
      0.7515923566878981,
      0.7547770700636943,
      0.7563694267515924,
      0.7611464968152867,
      0.7627388535031847,
      0.767515923566879,
      0.7754777070063694,
      0.7786624203821656,
      0.7866242038216561,
      0.802547770700637,
      0.802547770700637,
      0.8105095541401274,
      0.8136942675159236,
      0.8184713375796179,
      0.8184713375796179,
      0.8200636942675159,
      0.8200636942675159,
      0.8280254777070064,
      0.8312101910828026,
      0.8375796178343949,
      0.8407643312101911,
      0.8439490445859873,
      0.8519108280254777,
      0.8535031847133758,
      0.8535031847133758,
      0.856687898089172,
      0.8614649681528662,
      0.8773885350318471,
      0.8805732484076433,
      0.8869426751592356,
      0.8949044585987261,
      0.9028662420382165,
      0.9076433121019108,
      0.9092356687898089,
      0.9124203821656051,
      0.9187898089171974,
      0.9219745222929936,
      0.9299363057324841,
      0.9331210191082803,
      0.9347133757961783,
      0.9363057324840764,
      0.9394904458598726,
      0.9426751592356688,
      0.947452229299363,
      0.9506369426751592,
      0.9522292993630573,
      0.9585987261146497,
      0.9633757961783439,
      0.9681528662420382,
      0.9713375796178344,
      0.9713375796178344,
      0.9745222929936306,
      0.9792993630573248,
      0.9872611464968153,
      0.9888535031847133,
      0.9952229299363057,
      0.9984076433121019,
      1.0
    ],
    [
      0.0,
      0.08771929824561403,
      0.15789473684210525,
      0.42105263157894735,
      0.42105263157894735,
      0.42105263157894735,
      0.42105263157894735,
      0.42105263157894735,
      0.42105263157894735,
      0.42105263157894735,
      0.42105263157894735,
      0.42105263157894735,
      0.42105263157894735,
      0.42105263157894735,
      0.43859649122807015,
      0.43859649122807015,
      0.43859649122807015,
      0.43859649122807015,
      0.43859649122807015,
      0.43859649122807015,
      0.43859649122807015,
      0.43859649122807015,
      0.43859649122807015,
      0.43859649122807015,
      0.43859649122807015,
      0.43859649122807015,
      0.43859649122807015,
      0.43859649122807015,
      0.43859649122807015,
      0.43859649122807015,
      0.45614035087719296,
      0.45614035087719296,
      0.45614035087719296,
      0.45614035087719296,
      0.45614035087719296,
      0.45614035087719296,
      0.45614035087719296,
      0.45614035087719296,
      0.45614035087719296,
      0.45614035087719296,
      0.45614035087719296,
      0.45614035087719296,
      0.45614035087719296,
      0.45614035087719296,
      0.45614035087719296,
      0.45614035087719296,
      0.49122807017543857,
      0.49122807017543857,
      0.49122807017543857,
      0.49122807017543857,
      0.5087719298245614,
      0.5087719298245614,
      0.5087719298245614,
      0.5087719298245614,
      0.5087719298245614,
      0.5087719298245614,
      0.5263157894736842,
      0.5263157894736842,
      0.5263157894736842,
      0.5263157894736842,
      0.5263157894736842,
      0.5263157894736842,
      0.5263157894736842,
      0.5263157894736842,
      0.5263157894736842,
      0.5263157894736842,
      0.543859649122807,
      0.543859649122807,
