{
  "roc_auc": 0.2867647058823529,
  "f1_score": 0.06896551724137931,
  "accuracy": 0.25,
  "precision": 0.037037037037037035,
  "recall": 0.5,
  "roc_curve": [
    [
      0.0,
      0.08823529411764706,
      0.14705882352941177,
      0.23529411764705882,
      0.35294117647058826,
      0.6470588235294118,
      0.6470588235294118,
      0.6764705882352942,
      0.7352941176470589,
      0.7647058823529411,
      0.7941176470588235,
      0.9117647058823529,
      1.0
    ],
    [
      0.0,
      0.0,
      0.0,
      0.0,
      0.0,
      0.0,
      0.5,
      0.5,
      0.5,
      0.5,
      1.0,
      1.0,
      1.0
    ],
    [
      Infinity,
      0.0065925937035700155,
      -0.0016951266072027238,
      -0.005985247048918008,
      -0.06452543061187677,
      -0.1320753323160503,
      -0.13638391635786112,
      -0.13757554026452612,
      -0.14653317894265422,
      -0.14766916910837535,
      -0.14953742938426362,
      -0.1721369582433901,
      -0.1785626010411276
    ]
  ],
  "best_threshold": -0.14953742938426362
}