{
  "roc_auc": 0.9902666666666666,
  "f1_score": 0.9130434782608695,
  "accuracy": 0.984,
  "precision": 1.0,
  "recall": 0.84,
  "roc_curve": [
    [
      0.0,
      0.0,
      0.0,
      0.057777777777777775,
      0.057777777777777775,
      0.06444444444444444,
      0.06444444444444444,
      0.06888888888888889,
      0.06888888888888889,
      0.07555555555555556,
      0.07555555555555556,
      0.09333333333333334,
      0.09333333333333334,
      1.0
    ],
    [
      0.0,
      0.02,
      0.86,
      0.86,
      0.9,
      0.9,
      0.92,
      0.92,
      0.96,
      0.96,
      0.98,
      0.98,
      1.0,
      1.0
    ],
    [
      Infinity,
      12014530560.0,
      23106.0234375,
      9.103373527526855,
      7.932586193084717,
      7.672887802124023,
      7.579835414886475,
      7.098748683929443,
      6.4120402336120605,
      5.868679046630859,
      4.74662446975708,
      2.197260618209839,
      2.138465166091919,
      0.04311975836753845
    ]
  ],
  "best_threshold": 23106.0234375
}