{
  "roc_auc": 0.9812000000000001,
  "f1_score": 0.9130434782608695,
  "accuracy": 0.984,
  "precision": 1.0,
  "recall": 0.84,
  "roc_curve": [
    [
      0.0,
      0.0,
      0.0,
      0.008888888888888889,
      0.008888888888888889,
      0.042222222222222223,
      0.04666666666666667,
      0.20222222222222222,
      0.20222222222222222,
      0.30666666666666664,
      0.30666666666666664,
      1.0
    ],
    [
      0.0,
      0.02,
      0.86,
      0.86,
      0.92,
      0.92,
      0.92,
      0.92,
      0.98,
      0.98,
      1.0,
      1.0
    ],
    [
      Infinity,
      763440463872.0,
      27409555456.0,
      11543379968.0,
      11329799168.0,
      8134075392.0,
      8133753344.0,
      2014880384.0,
      1931246208.0,
      1235729280.0,
      1202818944.0,
      0.009335746988654137
    ]
  ],
  "best_threshold": 27409555456.0
}