{
  "roc_auc": 0.49313131313131314,
  "f1_score": 0.16666666666666666,
  "accuracy": 0.8333333333333334,
  "precision": 0.14285714285714285,
  "recall": 0.2,
  "roc_curve": [
    [
      0.0,
      0.006060606060606061,
      0.04242424242424243,
      0.05454545454545454,
      0.05454545454545454,
      0.06666666666666667,
      0.06666666666666667,
      0.10909090909090909,
      0.11515151515151516,
      0.1393939393939394,
      0.17575757575757575,
      0.18787878787878787,
      0.2,
      0.21212121212121213,
      0.22424242424242424,
      0.23636363636363636,
      0.24848484848484848,
      0.2606060606060606,
      0.2727272727272727,
      0.28484848484848485,
      0.3090909090909091,
      0.32727272727272727,
      0.3333333333333333,
      0.3333333333333333,
      0.3393939393939394,
      0.3575757575757576,
      0.3696969696969697,
      0.38181818181818183,
      0.3878787878787879,
      0.3878787878787879,
      0.3939393939393939,
      0.4303030303030303,
      0.43636363636363634,
      0.45454545454545453,
      0.4666666666666667,
      0.4727272727272727,
      0.4909090909090909,
      0.49696969696969695,
      0.5151515151515151,
      0.5393939393939394,
      0.5454545454545454,
      0.5515151515151515,
      0.5575757575757576,
      0.5696969696969697,
      0.5878787878787879,
      0.6,
      0.6121212121212121,
      0.6181818181818182,
      0.6545454545454545,
      0.6545454545454545,
      0.6787878787878788,
      0.6909090909090909,
      0.7151515151515152,
      0.7151515151515152,
      0.7212121212121212,
      0.7212121212121212,
      0.7575757575757576,
      0.7575757575757576,
      0.7696969696969697,
      0.7818181818181819,
      0.8181818181818182,
      0.8303030303030303,
      0.8303030303030303,
      0.9212121212121213,
      0.9272727272727272,
      0.9333333333333333,
      0.9393939393939394,
      0.9636363636363636,
      0.9757575757575757,
      0.9878787878787879,
      1.0
    ],
    [
      0.0,
      0.0,
      0.0,
      0.0,
      0.06666666666666667,
      0.06666666666666667,
      0.2,
      0.2,
      0.26666666666666666,
      0.26666666666666666,
      0.26666666666666666,
      0.26666666666666666,
      0.26666666666666666,
      0.26666666666666666,
      0.26666666666666666,
      0.26666666666666666,
      0.26666666666666666,
      0.26666666666666666,
      0.26666666666666666,
      0.26666666666666666,
      0.26666666666666666,
      0.26666666666666666,
      0.26666666666666666,
      0.3333333333333333,
      0.3333333333333333,
      0.3333333333333333,
      0.3333333333333333,
      0.3333333333333333,
      0.3333333333333333,
      0.4,
      0.4,
      0.4,
      0.4,
      0.4,
      0.4,
      0.4,
      0.4,
      0.4666666666666667,
      0.4666666666666667,
      0.4666666666666667,
      0.4666666666666667,
      0.5333333333333333,
      0.5333333333333333,
      0.5333333333333333,
      0.5333333333333333,
      0.5333333333333333,
      0.5333333333333333,
      0.5333333333333333,
      0.5333333333333333,
      0.6,
      0.6,
      0.6,
      0.6,
      0.6666666666666666,
      0.6666666666666666,
      0.7333333333333333,
      0.7333333333333333,
      0.8,
      0.8,
      0.8,
      0.8,
      0.8,
      0.8666666666666667,
      0.8666666666666667,
      0.9333333333333333,
      0.9333333333333333,
      1.0,
      1.0,
      1.0,
      1.0,
      1.0
    ],
    [
      Infinity,
      0.07772229289713117,
      0.06503930518751655,
      0.043356683334113466,
      0.034715261891774984,
      0.016219327764591118,
      0.00999806027757466,
      -0.006742948801614523,
      -0.008538440566115635,
      -0.013903741916088563,
      -0.014498848171881185,
      -0.016038431475234538,
      -0.01799610060054091,
      -0.018609726106601943,
      -0.018838266335861942,
      -0.0209067604867762,
      -0.022554097650185678,
      -0.022646296851000836,
      -0.0255407223344859,
      -0.026943427872560988,
      -0.031827296745916334,
      -0.03255913016800216,
      -0.03332042429301796,
      -0.03374503839242582,
      -0.03390798594015754,
      -0.03394957692098799,
      -0.036093515538379695,
      -0.03613440691675229,
      -0.037213188385397056,
      -0.03765752711848491,
      -0.03837376863396924,
      -0.04264405907538282,
      -0.04341508785464526,
      -0.043474157030510496,
      -0.04357922714045148,
      -0.04425887246672022,
      -0.044725202507887196,
      -0.04593333874222866,
      -0.046170308558078244,
      -0.04929147797982092,
      -0.04932334579516817,
      -0.05030213638911357,
      -0.051923126060723745,
      -0.05249501741206447,
      -0.05545629510688521,
      -0.05581993144475356,
      -0.0583593725576485,
      -0.058662616256751565,
      -0.06240764131221993,
      -0.06495085256891148,
      -0.0669962109530517,
      -0.06872753429295064,
      -0.07159882229385989,
      -0.07225363089859466,
      -0.07257454741978453,
      -0.07320303853984456,
      -0.07728501536108551,
      -0.07920230224972308,
      -0.07938604664367449,
      -0.07976205901965211,
      -0.08077345366894112,
      -0.0810233948324196,
      -0.08190658481671059,
      -0.0899482286166739,
      -0.09043962552282381,
      -0.09210183302517916,
      -0.092143978156567,
      -0.09777284151925558,
      -0.09911491901036767,
      -0.1002426152441655,
      -0.1052209502951148
    ]
  ],
  "best_threshold": -0.008538440566115635
}