{
  "accuracy": 1.0,
  "precision": 1.0,
  "recall": 1.0,
  "f1_score": 1.0,
  "roc_auc": 1.0,
  "predictions": [
    0,
    0,
    0,
    0,
    0,
    0,
    1,
    0,
    0,
    0,
    0,
    0,
    0,
    0,
    0,
    0,
    0,
    0,
    0,
    0,
    0,
    0,
    0,
    0,
    1,
    0,
    1,
    0,
    0,
    0,
    0,
    0,
    0,
    0,
    0,
    0,
    0,
    0,
    0,
    0,
    0,
    0,
    0,
    0,
    0,
    0,
    0,
    0
  ],
  "probabilities": [
    0.0008592476369813085,
    0.001138000632636249,
    0.001314724562689662,
    0.000967861560638994,
    0.0008328334079124033,
    0.0011809737188741565,
    0.9913892149925232,
    0.0008592476369813085,
    0.0012448433553799987,
    0.0008151457295753062,
    0.00214476534165442,
    0.001658154185861349,
    0.0011247574584558606,
    0.001429745345376432,
    0.0011160143185406923,
    0.0008676726138219237,
    0.0009235808975063264,
    0.0012472739908844233,
    0.0010222098790109158,
    0.0008328334079124033,
    0.0009473090176470578,
    0.0012113065458834171,
    0.0015158916357904673,
    0.0009110512328334153,
    0.9882221817970276,
    0.0008295891457237303,
    0.9874479174613953,
    0.0013121626107022166,
    0.0016388678923249245,
    0.001204238273203373,
    0.0011095014633610845,
    0.001429745345376432,
    0.0008247465593740344,
    0.0011225653579458594,
    0.0017961491830646992,
    0.0011672308901324868,
    0.0014808280393481255,
    0.0012818054528906941,
    0.000810387369710952,
    0.001317291404120624,
    0.0012693643802776933,
    0.0014437558129429817,
    0.002123966347426176,
    0.0008025182760320604,
    0.0008899655076675117,
    0.0012644219677895308,
    0.000847589981276542,
    0.0011559006525203586
  ],
  "true_labels": [
    0,
    0,
    0,
    0,
    0,
    0,
    1,
    0,
    0,
    0,
    0,
    0,
    0,
    0,
    0,
    0,
    0,
    0,
    0,
    0,
    0,
    0,
    0,
    0,
    1,
    0,
    1,
    0,
    0,
    0,
    0,
    0,
    0,
    0,
    0,
    0,
    0,
    0,
    0,
    0,
    0,
    0,
    0,
    0,
    0,
    0,
    0,
    0
  ],
  "roc_curve": [
    [
      0.0,
      0.0,
      0.0,
      0.17777777777777778,
      0.2222222222222222,
      0.7777777777777778,
      0.8222222222222222,
      0.8444444444444444,
      0.8888888888888888,
      1.0
    ],
    [
      0.0,
      0.3333333333333333,
      1.0,
      1.0,
      1.0,
      1.0,
      1.0,
      1.0,
      1.0,
      1.0
    ],
    [
      Infinity,
      0.9913892149925232,
      0.9874479174613953,
      0.0014437558129429817,
      0.001429745345376432,
      0.0008676726138219237,
      0.0008592476369813085,
      0.000847589981276542,
      0.0008328334079124033,
      0.0008025182760320604
    ]
  ],
  "train_losses": [
    0.7374940259116036,
    0.2050415612757206,
    0.20018704235553741,
    0.15970095992088318,
    0.1138526935662542,
    0.0998751463235489,
    0.08475546246128422,
    0.0693997038262231,
    0.05297467830990042,
    0.030799865456564084,
    0.02126338512503675,
    0.011489245042737042,
    0.005814654877342816,
    0.002924736589193344,
    0.00030567295367031226
  ],
  "val_losses": [],
  "val_accuracies": [],
  "train_loss_steps": [
    0.892548680305481,
    0.9030928611755371,
    0.892730176448822,
    0.8800206780433655,
    0.5509852170944214,
    0.5137262344360352,
    0.5293543338775635,
    0.17685696482658386,
    0.24485111236572266,
    0.20619916915893555,
    0.09763762354850769,
    0.061263348907232285,
    0.20676836371421814,
    0.441714346408844,
    0.18535584211349487,
    0.12852802872657776,
    0.07265840470790863,
    0.28393203020095825,
    0.3177589774131775,
    0.09655311703681946,
    0.31652289628982544,
    0.20120549201965332,
    0.21092575788497925,
    0.22196586430072784,
    0.10824313014745712,
    0.10170837491750717,
    0.2003982663154602,
    0.07345983386039734,
    0.2176683247089386,
    0.07973453402519226,
    0.11230773478746414,
    0.14697974920272827,
    0.08914849162101746,
    0.06710328161716461,
    0.08402673900127411,
    0.16618327796459198,
    0.12014780193567276,
    0.007049903739243746,
    0.04683791100978851,
    0.19514068961143494,
    0.038403015583753586,
    0.12536342442035675,
    0.2000565528869629,
    0.18080013990402222,
    0.06607215851545334,
    0.06819593906402588,
    0.0325746014714241,
    0.025853771716356277,
    0.019735073670744896,
    0.0959472805261612,
    0.03582536429166794,
    0.07312104105949402,
    0.11249314248561859,
    0.048103220760822296,
    0.0968090072274208,
    0.02349887043237686,
    0.043629083782434464,
    0.07355901598930359,
    0.05980461835861206,
    0.025725603103637695,
    0.005576210096478462,
    0.06005213409662247,
    0.1024760827422142,
    0.0299726203083992,
    0.038888946175575256,
    0.05798591300845146,
    0.03376316279172897,
    0.013819423504173756,
    0.011949398554861546,
    0.029219593852758408,
    0.016299303621053696,
    0.020369337871670723,
    0.0013264170847833157,
    0.028133314102888107,
    0.03936241567134857,
    0.025265252217650414,
    0.018087655305862427,
    0.007212161552160978,
    0.024469226598739624,
    0.015575100667774677,
    0.01402195729315281,
    0.007405010052025318,
    0.005898867268115282,
    0.0058423918671905994,
    0.0053825899958610535,
    0.01256522350013256,
    0.000811862584669143,
    0.006678523495793343,
    0.009578345343470573,
    0.0038654350209981203,
    0.0018206042004749179,
    0.005511921364814043,
    0.0006511792889796197,
    0.0012112008407711983,
    0.002205928787589073,
    0.008837791159749031,
    0.0015408650506287813,
    0.0005142696318216622,
    0.0008083841530606151,
    0.00040557689499109983,
    0.00017612319788895547,
    0.0002821928355842829,
    0.00031581957591697574,
    8.2009268226102e-05,
    6.960475002415478e-05
  ],
  "val_loss_steps": [
    0.000251628222031286
  ],
  "val_acc_steps": [
    1.0
  ],
  "val_roc_steps": [
    1.0
  ],
  "dataset": "eht_smili"
}