{
  "roc_auc": 0.33023242820426857,
  "f1_score": 0.15208034433285508,
  "accuracy": 0.13722627737226278,
  "precision": 0.0828125,
  "recall": 0.9298245614035088,
  "roc_curve": [
    [
      0.0,
      0.0,
      0.0732484076433121,
      0.0732484076433121,
      0.1337579617834395,
      0.1337579617834395,
      0.13694267515923567,
      0.13694267515923567,
      0.15286624203821655,
      0.15286624203821655,
      0.15764331210191082,
      0.15764331210191082,
      0.16878980891719744,
      0.16878980891719744,
      0.21656050955414013,
      0.21656050955414013,
      0.3200636942675159,
      0.3232484076433121,
      0.3232484076433121,
      0.34235668789808915,
      0.34554140127388533,
      0.3471337579617834,
      0.3535031847133758,
      0.37898089171974525,
      0.3853503184713376,
      0.39012738853503187,
      0.39331210191082805,
      0.39490445859872614,
      0.3980891719745223,
      0.3996815286624204,
      0.3996815286624204,
      0.40605095541401276,
      0.40923566878980894,
      0.4171974522292994,
      0.42038216560509556,
      0.42197452229299365,
      0.42197452229299365,
      0.4251592356687898,
      0.4251592356687898,
      0.428343949044586,
      0.4315286624203822,
      0.43312101910828027,
      0.4840764331210191,
      0.4856687898089172,
      0.4888535031847134,
      0.49044585987261147,
      0.4968152866242038,
      0.4984076433121019,
      0.5015923566878981,
      0.5031847133757962,
      0.5047770700636943,
      0.5079617834394905,
      0.5143312101910829,
      0.5159235668789809,
      0.5191082802547771,
      0.5222929936305732,
      0.5238853503184714,
      0.5318471337579618,
      0.5382165605095541,
      0.5398089171974523,
      0.5429936305732485,
      0.5445859872611465,
      0.5509554140127388,
      0.552547770700637,
      0.552547770700637,
      0.554140127388535,
      0.5573248407643312,
      0.5589171974522293,
      0.5589171974522293,
      0.5780254777070064,
      0.5796178343949044,
      0.6114649681528662,
      0.6130573248407644,
      0.660828025477707,
      0.6624203821656051,
      0.6624203821656051,
      0.6767515923566879,
      0.6799363057324841,
      0.6894904458598726,
      0.6926751592356688,
      0.697452229299363,
      0.7006369426751592,
      0.7054140127388535,
      0.7085987261146497,
      0.7133757961783439,
      0.7197452229299363,
      0.7340764331210191,
      0.7372611464968153,
      0.7659235668789809,
      0.7691082802547771,
      0.7738853503184714,
      0.7770700636942676,
      0.8152866242038217,
      0.8550955414012739,
      0.8789808917197452,
      0.9028662420382165,
      0.9347133757961783,
      0.9347133757961783,
      1.0
    ],
    [
      0.0,
      0.017543859649122806,
      0.017543859649122806,
      0.03508771929824561,
      0.03508771929824561,
      0.05263157894736842,
      0.05263157894736842,
      0.07017543859649122,
      0.07017543859649122,
      0.08771929824561403,
      0.08771929824561403,
      0.10526315789473684,
      0.10526315789473684,
      0.12280701754385964,
      0.12280701754385964,
      0.14035087719298245,
      0.14035087719298245,
      0.14035087719298245,
      0.15789473684210525,
      0.15789473684210525,
      0.15789473684210525,
      0.15789473684210525,
      0.15789473684210525,
      0.15789473684210525,
      0.15789473684210525,
      0.15789473684210525,
      0.15789473684210525,
      0.15789473684210525,
      0.15789473684210525,
      0.15789473684210525,
      0.17543859649122806,
      0.17543859649122806,
      0.17543859649122806,
      0.17543859649122806,
      0.17543859649122806,
      0.17543859649122806,
      0.19298245614035087,
      0.19298245614035087,
      0.21052631578947367,
      0.21052631578947367,
      0.21052631578947367,
      0.21052631578947367,
      0.21052631578947367,
      0.21052631578947367,
      0.21052631578947367,
      0.21052631578947367,
      0.21052631578947367,
      0.21052631578947367,
      0.21052631578947367,
      0.21052631578947367,
      0.22807017543859648,
      0.22807017543859648,
      0.22807017543859648,
      0.22807017543859648,
      0.22807017543859648,
      0.22807017543859648,
      0.24561403508771928,
      0.24561403508771928,
      0.24561403508771928,
      0.24561403508771928,
      0.24561403508771928,
      0.24561403508771928,
      0.24561403508771928,
      0.2631578947368421,
      0.2807017543859649,
      0.2807017543859649,
      0.2807017543859649,
      0.2807017543859649,
      0.3157894736842105,
      0.3157894736842105,
      0.3157894736842105,
      0.3157894736842105,
      0.3157894736842105,
      0.3157894736842105,
      0.3333333333333333,
      0.40350877192982454,
      0.40350877192982454,
      0.42105263157894735,
      0.42105263157894735,
      0.43859649122807015,
      0.43859649122807015,
      0.45614035087719296,
      0.45614035087719296,
      0.47368421052631576,
      0.47368421052631576,
      0.5087719298245614,
      0.5087719298245614,
      0.5263157894736842,
      0.5263157894736842,
      0.543859649122807,
      0.543859649122807,
      0.5789473684210527,
      0.5789473684210527,
      0.5789473684210527,
      0.7543859649122807,
      0.7543859649122807,
      0.9122807017543859,
      0.9298245614035088,
      1.0
    ],
    [
      Infinity,
      6.269145278308139,
      5.549524294681772,
      5.546768290558769,
      5.3706571466058515,
      5.369159418680232,
      5.357772648757071,
      5.33057396796595,
      5.242565696225409,
      5.241026559866746,
      5.224229891243347,
      5.214721820059955,
      5.186982930854691,
      5.186432766933306,
      5.050320562291232,
      5.049801641611289,
      4.643656288325532,
      4.635178360684194,
      4.629248588060016,
      4.514217108632126,
      4.512087359317752,
      4.508431186710409,
      4.492341143712139,
      4.352415992310841,
      4.312388556482386,
      4.305007878938667,
      4.29283286924474,
      4.286060082174702,
      4.28255199212786,
      4.278126120421265,
      4.267576949260578,
      4.2333505598737275,
      4.233337852831868,
      4.197835809582148,
      4.193562746416512,
      4.1866451525004065,
      4.164463906170361,
      4.156139989562574,
      4.150866712328348,
      4.131980699212555,
      4.131478703807316,
      4.12958021179154,
      4.023677920551493,
      4.020710069484893,
      3.9740158818832922,
      3.9736205374577525,
      3.958436176301184,
      3.9522510210623842,
      3.9431434086104646,
      3.9385225123082264,
      3.9130341068764265,
      3.911427772218132,
      3.883418187115889,
      3.8828761483485232,
      3.8526726537586264,
      3.839631874220089,
      3.83389130487051,
      3.7756168510384898,
      3.7728154726352585,
      3.7684359281104705,
      3.736601372347215,
      3.7303319948991587,
      3.710908150403725,
      3.7078563674534974,
      3.6975449719133464,
      3.6975449521620964,
      3.6678847604347133,
      3.6627185470344292,
      3.6571367574725513,
      3.5512895043972583,
      3.5492490030927426,
      3.369563653398457,
      3.364089842213411,
      2.989014384633765,
      2.973404334284155,
      2.8807187020806446,
      2.7656453105667373,
      2.7142227090194324,
      2.6948197479622205,
      2.67188411260573,
      2.642017422466464,
      2.6222272380825573,
      2.600716865273106,
      2.555927738885213,
      2.550263195461241,
      2.4380911266917296,
      2.3675265204584064,
      2.3085932088521126,
      2.027678610750782,
      1.9822696356622962,
      1.9054086838084003,
      1.5672863195770348,
      1.153989612382198,
      5.331201499700045e-07,
      4.76837158203125e-07,
      4.1295309247228556e-07,
      3.371747880871523e-07,
      6.743495761743045e-08,
      0.0
    ]
  ],
  "best_threshold": 0.0
}