{
  "roc_auc": NaN,
  "f1_score": 0.0,
  "accuracy": 0.0026954177897574125,
  "precision": 0.0,
  "recall": 0.0,
  "roc_curve": [
    [
      0.0,
      0.0026954177897574125,
      0.16711590296495957,
      0.1725067385444744,
      0.19137466307277629,
      0.1967654986522911,
      0.2398921832884097,
      0.24528301886792453,
      1.0
    ],
    [
      NaN,
      NaN,
      NaN,
      NaN,
      NaN,
      NaN,
      NaN,
      NaN,
      NaN
    ],
    [
      Infinity,
      4.6032188168208384e+17,
      1.0147791385709773e+17,
      1.0126021055479808e+17,
      8.732080829628416e+16,
      8.732071380700365e+16,
      7.515941082916454e+16,
      7.41818247329874e+16,
      1.2409578931093504e+16
    ]
  ],
  "best_threshold": 1.2409578931093504e+16
}