{
  "roc_auc": NaN,
  "f1_score": 0.0,
  "accuracy": 0.0072992700729927005,
  "precision": 0.0,
  "recall": 0.0,
  "roc_curve": [
    [
      0.0,
      0.0072992700729927005,
      1.0
    ],
    [
      NaN,
      NaN,
      NaN
    ],
    [
      Infinity,
      1.3539460916864614e+17,
      2928128582221824.0
    ]
  ],
  "best_threshold": 2928128582221824.0
}