{
  "accuracy": 0.9411764705882353,
  "precision": 0.5384615384615384,
  "recall": 1.0,
  "f1_score": 0.7,
  "roc_auc": 0.956390977443609,
  "predictions": [
    0,
    1,
    0,
    1,
    0,
    0,
    0,
    0,
    0,
    1,
    0,
    0,
    0,
    0,
    0,
    0,
    0,
    0,
    0,
    0,
    0,
    0,
    0,
    0,
    0,
    1,
    0,
    0,
    0,
    0,
    0,
    0,
    0,
    0,
    0,
    1,
    0,
    1,
    0,
    0,
    0,
    0,
    1,
    0,
    0,
    0,
    1,
    0,
    0,
    0,
    0,
    0,
    0,
    0,
    0,
    0,
    0,
    0,
    0,
    0,
    0,
    0,
    0,
    0,
    0,
    0,
    0,
    0,
    1,
    0,
    0,
    0,
    0,
    0,
    0,
    0,
    0,
    0,
    0,
    0,
    0,
    0,
    0,
    0,
    0,
    0,
    0,
    0,
    0,
    0,
    0,
    1,
    0,
    0,
    1,
    0,
    1,
    0,
    0,
    0,
    1,
    0
  ],
  "anomaly_scores": [
    -59.553537329088535,
    7719.153563925013,
    -82.56378264263589,
    48.5154507473545,
    -81.38194376268494,
    -81.17165402477326,
    -87.76870254687444,
    -114.07087015669542,
    -87.77745661744356,
    -5.850153135524842,
    -87.46961602362006,
    -127.82324717921979,
    -57.121545561315955,
    -85.24076834696632,
    -131.85840323537437,
    -129.12313891407865,
    -130.66092709048607,
    -131.3153109561033,
    -123.80114162920604,
    -110.55510216143672,
    -84.86226795023101,
    -129.10063199609843,
    -128.68560109607364,
    -80.36510978850487,
    -127.71076943508639,
    26903.47624201977,
    -82.59493645646846,
    -83.23886011534563,
    -114.82615330235704,
    -129.82225583025877,
    -127.60733931013867,
    -84.97580299381235,
    -131.70151296690767,
    -124.64334372842211,
    -86.54380360846285,
    158.44274518857716,
    -111.09281178831647,
    265250.0070412429,
    -84.8249818908217,
    -85.67887807416656,
    -90.10768528496162,
    -126.08605204363728,
    7275.285543728302,
    -74.1436276914807,
    -80.6913830696967,
    -82.41962848392187,
    543.8516946117177,
    -125.33428874060715,
    -124.11244180199189,
    -131.6016174205881,
    -122.43452058854548,
    -85.99116176178265,
    -131.13463218806416,
    -78.19249633053174,
    -89.57462795586527,
    -87.31285123901367,
    -88.13692367255757,
    -88.08663610841049,
    -87.68724834774903,
    -61.539087913113605,
    -129.18716345525428,
    -130.31503832612708,
    -84.73726053625454,
    -83.53323700974619,
    -130.88162664092587,
    -130.75506856100841,
    -84.26717583227158,
    -122.53921233695397,
    1359.5575302549667,
    -123.34620213896667,
    -84.8012125633607,
    -81.07319109178471,
    -129.00467907729248,
    -115.21028627432908,
    -128.3802769949922,
    -95.17661561603155,
    -124.54730403305825,
    -131.76377905573628,
    -119.86168186619358,
    -131.43251195064883,
    -130.61854700178682,
    -82.88771442902511,
    -77.26529626841273,
    -129.2601132805476,
    -74.57143305463873,
    -111.45718702332204,
    -83.22074724463982,
    -85.31277895710468,
    -126.98053705651155,
    -89.24753774219839,
    -129.84421573553794,
    68.9975791413232,
    -128.13391452081075,
    -129.09980391933516,
    912.4100612453003,
    -129.14796651428267,
    263320.22790084645,
    -121.95703311671214,
    -119.43391394700198,
    -85.56755555110911,
    230.1359108448457,
    -86.56951294276756
  ],
  "true_labels": [
    0,
    1,
    0,
    0,
    0,
    0,
    0,
    0,
    0,
    1,
    0,
    0,
    0,
    0,
    0,
    0,
    0,
    0,
    0,
    0,
    0,
    0,
    0,
    0,
    0,
    1,
    0,
    0,
    0,
    0,
    0,
    0,
    0,
    0,
    0,
    1,
    0,
    0,
    0,
    0,
    0,
    0,
    0,
    0,
    0,
    0,
    0,
    0,
    0,
    0,
    0,
    0,
    0,
    0,
    0,
    0,
    0,
    0,
    0,
    0,
    0,
    0,
    0,
    0,
    0,
    0,
    0,
    0,
    0,
    0,
    0,
    0,
    0,
    0,
    0,
    0,
    0,
    0,
    0,
    0,
    0,
    0,
    0,
    0,
    0,
    0,
    0,
    0,
    0,
    0,
    0,
    1,
    0,
    0,
    1,
    0,
    0,
    0,
    0,
    0,
    1,
    0
  ],
  "roc_curve": [
    [
      0.0,
      0.010526315789473684,
      0.021052631578947368,
      0.021052631578947368,
      0.042105263157894736,
      0.042105263157894736,
      0.05263157894736842,
      0.05263157894736842,
      0.06315789473684211,
      0.06315789473684211,
      1.0
    ],
    [
      0.0,
      0.0,
      0.0,
      0.2857142857142857,
      0.2857142857142857,
      0.42857142857142855,
      0.42857142857142855,
      0.8571428571428571,
      0.8571428571428571,
      1.0,
      1.0
    ],
    [
      Infinity,
      265250.0070412429,
      263320.22790084645,
      7719.153563925013,
      1359.5575302549667,
      912.4100612453003,
      543.8516946117177,
      68.9975791413232,
      48.5154507473545,
      -5.850153135524842,
      -131.85840323537437
    ]
  ],
  "threshold": -12.002720226620008,
  "dataset": "pycbc_inference"
}