{
  "dataset": "eht_smili",
  "model": "paraphrase-MiniLM-L6-v2",
  "roc_auc": 0.9333333333333333,
  "f1_score": 0.0,
  "accuracy": 0.875,
  "precision": 0.0,
  "recall": 0.0,
  "best_threshold": -0.0,
  "roc_curve": [
    [
      0.0,
      0.06666666666666667,
      0.06666666666666667,
      0.4,
      0.400132802124834,
      0.40039840637450197,
      0.4670650730411687,
      0.5333333333333333,
      0.5338645418326693,
      0.600398406374502,
      0.600929614873838,
      0.7337317397078353,
      0.7338645418326694,
      0.7341301460823373,
      0.800531208499336,
      0.8007968127490039,
      1.0
    ],
    [
      0.0,
      0.0,
      1.0,
      1.0,
      1.0,
      1.0,
      1.0,
      1.0,
      1.0,
      1.0,
      1.0,
      1.0,
      1.0,
      1.0,
      1.0,
      1.0,
      1.0
    ],
    [
      Infinity,
      0.0010724865296316555,
      -0.0,
      -0.04927776624496372,
      -0.050419657452071776,
      -0.0507337596287194,
      -0.05177670977178528,
      -0.06721614725593761,
      -0.08156854088610788,
      -0.08168843034359574,
      -0.08583009331992864,
      -0.08672067147089402,
      -0.08727903923248204,
      -0.08739483690369754,
      -0.08790994090652865,
      -0.09011197709002772,
      -0.09298758242564853
    ]
  ]
}