{
  "dataset": "eht_imaging",
  "model": "paraphrase-MiniLM-L6-v2",
  "roc_auc": 0.9976410814734168,
  "f1_score": 0.0,
  "accuracy": 0.9145043246839654,
  "precision": 0.0,
  "recall": 0.0,
  "best_threshold": 0.00220750778755352,
  "roc_curve": [
    [
      0.0,
      0.0010887316276537834,
      0.0023589185265831974,
      0.0023589185265831974,
      0.0932680094356741,
      0.09435674106332789,
      0.09526401741970604,
      0.18617310832879694,
      0.18671747414262385,
      0.27762656505171474,
      0.27871529667936856,
      0.3687171112320813,
      0.36926147704590817,
      0.4590818363273453,
      0.5494465614226093,
      0.6390854654327708,
      0.9101796407185628,
      1.0
    ],
    [
      0.0,
      0.0,
      0.0,
      1.0,
      1.0,
      1.0,
      1.0,
      1.0,
      1.0,
      1.0,
      1.0,
      1.0,
      1.0,
      1.0,
      1.0,
      1.0,
      1.0,
      1.0
    ],
    [
      Infinity,
      0.012424237985429909,
      0.011476158820181048,
      0.00220750778755352,
      -0.0,
      -0.003228520210182051,
      -0.005920329700582538,
      -0.034048380681281465,
      -0.035205983005478725,
      -0.035510737734396614,
      -0.039152970023561995,
      -0.03939862465092736,
      -0.04050638818337615,
      -0.04632726393195907,
      -0.0492047861545849,
      -0.05018781685028917,
      -0.05737905349843997,
      -0.05885621027633681
    ]
  ]
}