{
  "roc_auc": 0.6162790697674418,
  "f1_score": 0.3684210526315789,
  "accuracy": 0.5294117647058824,
  "precision": 0.23333333333333334,
  "recall": 0.875,
  "roc_curve": [
    [
      0.0,
      0.023255813953488372,
      0.11627906976744186,
      0.11627906976744186,
      0.23255813953488372,
      0.3023255813953488,
      0.3023255813953488,
      0.32558139534883723,
      0.32558139534883723,
      0.3488372093023256,
      0.3953488372093023,
      0.3953488372093023,
      0.4418604651162791,
      0.46511627906976744,
      0.46511627906976744,
      0.5348837209302325,
      0.5348837209302325,
      0.8837209302325582,
      0.9302325581395349,
      1.0
    ],
    [
      0.0,
      0.0,
      0.0,
      0.125,
      0.125,
      0.125,
      0.25,
      0.25,
      0.375,
      0.375,
      0.375,
      0.625,
      0.625,
      0.625,
      0.75,
      0.75,
      1.0,
      1.0,
      1.0,
      1.0
    ],
    [
      Infinity,
      0.017342817230291296,
      0.002950642491322153,
      -0.0,
      -0.009032811941190655,
      -0.012729260119837327,
      -0.015637476903472503,
      -0.01654882282422443,
      -0.017895104105287385,
      -0.01845069677789679,
      -0.0232573381772353,
      -0.02759117713546455,
      -0.0432248370223165,
      -0.04464537011955205,
      -0.05082499835562976,
      -0.05551259857788682,
      -0.05810280950889435,
      -0.07871313630880972,
      -0.08031547856570875,
      -0.08338214572249758
    ]
  ],
  "best_threshold": -0.05810280950889435
}