{
  "roc_auc": 0.9241924851680949,
  "f1_score": 0.5663716814159292,
  "accuracy": 0.8807785888077859,
  "precision": 0.4444444444444444,
  "recall": 0.7804878048780488,
  "roc_curve": [
    [
      0.0,
      0.0,
      0.0,
      0.002702702702702703,
      0.002702702702702703,
      0.005405405405405406,
      0.005405405405405406,
      0.05405405405405406,
      0.05945945945945946,
      0.08108108108108109,
      0.08108108108108109,
      0.08378378378378379,
      0.08378378378378379,
      0.08648648648648649,
      0.08648648648648649,
      0.0918918918918919,
      0.0918918918918919,
      0.1,
      0.1,
      0.10270270270270271,
      0.10270270270270271,
      0.10810810810810811,
      0.10810810810810811,
      0.15675675675675677,
      0.15675675675675677,
      0.20810810810810812,
      0.20810810810810812,
      0.22162162162162163,
      0.22162162162162163,
      0.22432432432432434,
      0.22432432432432434,
      0.25405405405405407,
      0.25405405405405407,
      1.0
    ],
    [
      0.0,
      0.024390243902439025,
      0.3170731707317073,
      0.3170731707317073,
      0.36585365853658536,
      0.36585365853658536,
      0.4146341463414634,
      0.4146341463414634,
      0.4146341463414634,
      0.4146341463414634,
      0.4878048780487805,
      0.4878048780487805,
      0.6341463414634146,
      0.6341463414634146,
      0.6829268292682927,
      0.6829268292682927,
      0.7073170731707317,
      0.7073170731707317,
      0.7560975609756098,
      0.7560975609756098,
      0.7804878048780488,
      0.7804878048780488,
      0.8048780487804879,
      0.8048780487804879,
      0.8536585365853658,
      0.8536585365853658,
      0.8780487804878049,
      0.8780487804878049,
      0.9024390243902439,
      0.9024390243902439,
      0.975609756097561,
      0.975609756097561,
      1.0,
      1.0
    ],
    [
      Infinity,
      8402801152.0,
      270866336.0,
      218075344.0,
      217747824.0,
      214324576.0,
      210734256.0,
      15698330.0,
      14602633.0,
      6341935.0,
      5916502.0,
      5536157.0,
      3820756.5,
      3709330.75,
      3472117.0,
      3177579.5,
      3134773.0,
      2918730.0,
      2656546.25,
      2653817.25,
      2410868.25,
      2216528.25,
      2088212.875,
      1884323.625,
      1867723.0,
      1824157.5,
      1819842.25,
      1804341.0,
      1740867.25,
      1708215.5,
      1387234.25,
      1172685.125,
      1172557.375,
      0.05920719355344772
    ]
  ],
  "best_threshold": 2088212.875
}