{
  "roc_auc": 0.9594666666666666,
  "f1_score": 0.6713286713286714,
  "accuracy": 0.906,
  "precision": 0.5161290322580645,
  "recall": 0.96,
  "roc_curve": [
    [
      0.0,
      0.0,
      0.0,
      0.0,
      0.0,
      0.0022222222222222222,
      0.0022222222222222222,
      0.0022222222222222222,
      0.008888888888888889,
      0.008888888888888889,
      0.011111111111111112,
      0.011111111111111112,
      0.015555555555555555,
      0.015555555555555555,
      0.022222222222222223,
      0.022222222222222223,
      0.03111111111111111,
      0.03111111111111111,
      0.03333333333333333,
      0.03777777777777778,
      0.04,
      0.04,
      0.04,
      0.05333333333333334,
      0.05333333333333334,
      0.057777777777777775,
      0.057777777777777775,
      0.06444444444444444,
      0.06444444444444444,
      0.06666666666666667,
      0.06666666666666667,
      0.08,
      0.08444444444444445,
      0.08444444444444445,
      0.09777777777777778,
      0.09777777777777778,
      0.1,
      0.1,
      0.10444444444444445,
      0.10888888888888888,
      0.10888888888888888,
      1.0
    ],
    [
      0.0,
      0.02,
      0.06,
      0.1,
      0.24,
      0.24,
      0.32,
      0.36,
      0.36,
      0.38,
      0.38,
      0.42,
      0.42,
      0.44,
      0.44,
      0.46,
      0.46,
      0.48,
      0.48,
      0.48,
      0.48,
      0.54,
      0.58,
      0.58,
      0.6,
      0.6,
      0.62,
      0.62,
      0.72,
      0.72,
      0.76,
      0.76,
      0.76,
      0.82,
      0.82,
      0.96,
      0.96,
      0.98,
      0.98,
      0.98,
      1.0,
      1.0
    ],
    [
      Infinity,
      1706194548817920.0,
      1706181261262848.0,
      1678522879836160.0,
      52070.12890625,
      47334.5703125,
      41209.13671875,
      39623.62890625,
      35137.8515625,
      35009.2578125,
      34225.02734375,
      33448.61328125,
      33348.47265625,
      32772.5625,
      31702.302734375,
      31624.134765625,
      31359.064453125,
      31094.787109375,
      30933.732421875,
      30698.9609375,
      30698.95703125,
      30308.068359375,
      29982.681640625,
      29647.28515625,
      29463.447265625,
      29285.26171875,
      29251.236328125,
      29237.89453125,
      28023.423828125,
      27469.435546875,
      27441.05078125,
      26958.943359375,
      26882.87109375,
      26713.056640625,
      26452.876953125,
      26399.068359375,
      26281.017578125,
      26195.541015625,
      26119.044921875,
      26113.458984375,
      25875.673828125,
      0.008470670320093632
    ]
  ],
  "best_threshold": 26195.541015625
}