{
  "roc_auc": 0.6747367736903679,
  "f1_score": 0.0,
  "accuracy": 0.9847259658580413,
  "precision": 0.0,
  "recall": 0.0,
  "roc_curve": [
    [
      0.0,
      0.00272975432211101,
      0.003639672429481347,
      0.030937215650591446,
      0.03184713375796178,
      0.03366696997270246,
      0.052775250227479524,
      0.05368516833484986,
      0.055505004549590536,
      0.056414922656960874,
      0.05823475887170155,
      0.09099181073703366,
      0.09190172884440401,
      0.09372156505914468,
      0.09463148316651501,
      0.09645131938125569,
      0.09918107370336669,
      0.10009099181073704,
      0.10191082802547771,
      0.10737033666969972,
      0.10828025477707007,
      0.11101000909918107,
      0.11282984531392175,
      0.11555959963603275,
      0.11737943585077343,
      0.11828935395814377,
      0.12010919017288443,
      0.12465878070973613,
      0.1264786169244768,
      0.13193812556869883,
      0.1337579617834395,
      0.15468607825295724,
      0.1565059144676979,
      0.18562329390354868,
      0.18744313011828936,
      0.18835304822565968,
      0.19017288444040037,
      0.19654231119199272,
      0.19836214740673339,
      0.21747042766151045,
      0.21929026387625114,
      0.22747952684258416,
      0.2283894449499545,
      0.2383985441310282,
      0.24021838034576887,
      0.27388535031847133,
      0.275705186533212,
      0.275705186533212,
      0.28389444949954507,
      0.28389444949954507,
      0.28662420382165604,
      0.28844404003639673,
      0.2911737943585077,
      0.2911737943585077,
      0.2929936305732484,
      0.2948134667879891,
      0.30118289353958144,
      0.30300272975432213,
      0.3111919927206551,
      0.3130118289353958,
      0.3184713375796178,
      0.3202911737943585,
      0.32848043676069155,
      0.32848043676069155,
      0.33121019108280253,
      0.3330300272975432,
      0.33393994540491356,
      0.33393994540491356,
      0.362147406733394,
      0.36396724294813465,
      0.37852593266606005,
      0.37852593266606005,
      0.3867151956323931,
      0.3867151956323931,
      0.3903548680618744,
      0.3921747042766151,
      0.41128298453139217,
      0.41310282074613286,
      0.4222020018198362,
      0.4240218380345769,
      0.4549590536851683,
      0.456778889899909,
      0.4585987261146497,
      0.4585987261146497,
      0.4786169244767971,
      0.4786169244767971,
      0.5268425841674249,
      0.5268425841674249,
      0.5286624203821656,
      0.5304822565969063,
      0.5559599636032757,
      0.5577797998180164,
      0.5768880800727935,
      0.5768880800727935,
      0.5941765241128298,
      0.5959963603275705,
      0.5978161965423112,
      0.5996360327570519,
      0.6060054595086443,
      0.607825295723385,
      0.618744313011829,
      0.6205641492265697,
      0.6287534121929026,
      0.6305732484076433,
      0.6414922656960873,
      0.643312101910828,
      0.6596906278434941,
      0.6615104640582348,
      0.6678798908098271,
      0.6696997270245678,
      0.6733393994540491,
      0.6751592356687898,
      0.6960873521383075,
      0.6997270245677889,
      0.7443130118289354,
      0.7461328480436761,
      0.7643312101910829,
      0.7661510464058234,
      0.7934485896269335,
      0.7952684258416742,
      0.8125568698817106,
      0.8143767060964513,
      0.818926296633303,
      0.8207461328480437,
      0.8371246587807097,
      0.8389444949954504,
      0.8489535941765242,
      0.8507734303912647,
      0.8571428571428571,
      0.8589626933575978,
      0.8844404003639672,
      0.8862602365787079,
      0.8880800727934486,
      0.8898999090081893,
      0.9535941765241128,
      0.9554140127388535,
      0.9590536851683349,
      0.9608735213830755,
      0.9727024567788899,
      0.9745222929936306,
      0.989080982711556,
      0.9909008189262967,
      1.0
    ],
    [
      0.0,
      0.0,
      0.14285714285714285,
      0.14285714285714285,
      0.14285714285714285,
      0.14285714285714285,
      0.14285714285714285,
      0.14285714285714285,
      0.14285714285714285,
      0.14285714285714285,
      0.14285714285714285,
      0.14285714285714285,
      0.14285714285714285,
      0.14285714285714285,
      0.14285714285714285,
      0.14285714285714285,
      0.14285714285714285,
      0.14285714285714285,
      0.14285714285714285,
      0.14285714285714285,
      0.14285714285714285,
      0.14285714285714285,
      0.14285714285714285,
      0.14285714285714285,
      0.14285714285714285,
      0.14285714285714285,
      0.14285714285714285,
      0.14285714285714285,
      0.14285714285714285,
      0.14285714285714285,
      0.14285714285714285,
      0.14285714285714285,
      0.14285714285714285,
      0.14285714285714285,
      0.14285714285714285,
      0.14285714285714285,
      0.14285714285714285,
      0.14285714285714285,
      0.14285714285714285,
      0.14285714285714285,
      0.14285714285714285,
      0.14285714285714285,
      0.21428571428571427,
      0.21428571428571427,
      0.21428571428571427,
      0.21428571428571427,
      0.21428571428571427,
      0.2857142857142857,
      0.2857142857142857,
      0.35714285714285715,
      0.35714285714285715,
      0.35714285714285715,
      0.35714285714285715,
      0.42857142857142855,
      0.42857142857142855,
      0.42857142857142855,
      0.42857142857142855,
      0.42857142857142855,
      0.42857142857142855,
      0.42857142857142855,
      0.42857142857142855,
      0.42857142857142855,
      0.42857142857142855,
      0.5,
      0.5,
      0.5,
      0.5,
      0.5714285714285714,
      0.5714285714285714,
      0.5714285714285714,
      0.5714285714285714,
      0.6428571428571429,
      0.6428571428571429,
      0.7142857142857143,
      0.7142857142857143,
      0.7142857142857143,
      0.7142857142857143,
      0.7142857142857143,
      0.7142857142857143,
      0.7142857142857143,
      0.7142857142857143,
      0.7142857142857143,
      0.7142857142857143,
      0.7857142857142857,
      0.7857142857142857,
      0.8571428571428571,
      0.8571428571428571,
      0.9285714285714286,
      0.9285714285714286,
      0.9285714285714286,
      0.9285714285714286,
      0.9285714285714286,
      0.9285714285714286,
      1.0,
      1.0,
      1.0,
      1.0,
      1.0,
      1.0,
      1.0,
      1.0,
      1.0,
      1.0,
      1.0,
      1.0,
      1.0,
      1.0,
      1.0,
      1.0,
      1.0,
      1.0,
      1.0,
      1.0,
      1.0,
      1.0,
      1.0,
      1.0,
      1.0,
      1.0,
      1.0,
      1.0,
      1.0,
      1.0,
      1.0,
      1.0,
      1.0,
      1.0,
      1.0,
      1.0,
      1.0,
      1.0,
      1.0,
      1.0,
      1.0,
      1.0,
      1.0,
      1.0,
      1.0,
      1.0,
      1.0,
      1.0,
      1.0,
      1.0
    ],
    [
      Infinity,
      0.13267544531553033,
      0.1137148974223271,
      0.03164290958312099,
      0.030280331982156516,
      0.02989719249259326,
      0.01758833888999234,
      0.01724269193840311,
      0.01686837055423318,
      0.01653938990369397,
      0.016165544203117332,
      0.005928787926957946,
      0.004748579843252054,
      0.004017085506828555,
      0.003812273015520007,
      0.003447035395677034,
      0.0028974073250729315,
      7.254164490977377e-05,
      -0.00029016657963931713,
      -0.00081336891814765,
      -0.006134942591060288,
      -0.007229418994237458,
      -0.013125208222697471,
      -0.022445815322368556,
      -0.023107302380997896,
      -0.02323961406769104,
      -0.024182833478496035,
      -0.02995288666283047,
      -0.03050572306662902,
      -0.036879589402661284,
      -0.03760135688409838,
      -0.04403980269298852,
      -0.04463095485741242,
      -0.05085376092422372,
      -0.051373484073355735,
      -0.05147379578134825,
      -0.05154875313362861,
      -0.05261747317512894,
      -0.052732182076070055,
      -0.0555967174962006,
      -0.0557241947283425,
