{
  "accuracy": 1.0,
  "precision": 1.0,
  "recall": 1.0,
  "f1_score": 1.0,
  "roc_auc": 1.0,
  "predictions": [
    0,
    0,
    1,
    0,
    0,
    0,
    0,
    0,
    0,
    0,
    0,
    0,
    0,
    0,
    0,
    0,
    0,
    0,
    0,
    1,
    0,
    0,
    0,
    0,
    1,
    0,
    0,
    0,
    0,
    0,
    0,
    0,
    0,
    0,
    0,
    0
  ],
  "probabilities": [
    0.0007236572564579546,
    0.0012545945355668664,
    0.9908213019371033,
    0.0015457437839359045,
    0.0023688741493970156,
    0.0007014083093963563,
    0.0007208380266092718,
    0.0007166297873482108,
    0.00064368563471362,
    0.0011095014633610845,
    0.003678509034216404,
    0.0021997978910803795,
    0.0007524627144448459,
    0.0007194326026365161,
    0.0011030265595763922,
    0.0007480700733140111,
    0.000673240574542433,
    0.0007166297873482108,
    0.0007041516364552081,
    0.9963853359222412,
    0.0023413405288010836,
    0.000847589981276542,
    0.0007236572564579546,
    0.001771802781149745,
    0.996364176273346,
    0.001113839098252356,
    0.0007014083093963563,
    0.003209961112588644,
    0.0007096704212017357,
    0.0022430878598243,
    0.0007408056408166885,
    0.0008247465593740344,
    0.000679842836689204,
    0.0007657963433302939,
    0.0006680048536509275,
    0.0034698909148573875
  ],
  "true_labels": [
    0,
    0,
    1,
    0,
    0,
    0,
    0,
    0,
    0,
    0,
    0,
    0,
    0,
    0,
    0,
    0,
    0,
    0,
    0,
    1,
    0,
    0,
    0,
    0,
    1,
    0,
    0,
    0,
    0,
    0,
    0,
    0,
    0,
    0,
    0,
    0
  ],
  "roc_curve": [
    [
      0.0,
      0.0,
      0.0,
      0.5757575757575758,
      0.6363636363636364,
      0.696969696969697,
      0.7575757575757576,
      0.8181818181818182,
      0.8787878787878788,
      1.0
    ],
    [
      0.0,
      0.3333333333333333,
      1.0,
      1.0,
      1.0,
      1.0,
      1.0,
      1.0,
      1.0,
      1.0
    ],
    [
      Infinity,
      0.9963853359222412,
      0.9908213019371033,
      0.0007408056408166885,
      0.0007236572564579546,
      0.0007194326026365161,
      0.0007166297873482108,
      0.0007041516364552081,
      0.0007014083093963563,
      0.00064368563471362
    ]
  ],
  "train_losses": [
    0.3588870530948043,
    0.21154049535592398,
    0.2340183580915133,
    0.18122639755407968,
    0.1953644206126531,
    0.1727539673447609,
    0.15103350828091303,
    0.11944927896062534,
    0.09056960418820381,
    0.0793087085088094,
    0.04263493100491663,
    0.02800159020504604,
    0.014885777918001017,
    0.00462394217417265,
    0.0011399852713414778
  ],
  "val_losses": [],
  "val_accuracies": [],
  "train_loss_steps": [
    0.5178143978118896,
    0.529201865196228,
    0.23569367825984955,
    0.20257219672203064,
    0.6580066084861755,
    0.01003357209265232,
    0.15884506702423096,
    0.294221431016922,
    0.21894115209579468,
    0.22169457376003265,
    0.1624668687582016,
    0.21307387948036194,
    0.1829967051744461,
    0.22563239932060242,
    0.3147285580635071,
    0.2338608205318451,
    0.18575772643089294,
    0.26113393902778625,
    0.4315250813961029,
    0.09497891366481781,
    0.12544266879558563,
    0.18697726726531982,
    0.20777729153633118,
    0.0406571626663208,
    0.2729599177837372,
    0.12048909813165665,
    0.18266570568084717,
    0.18145421147346497,
    0.11915778368711472,
    0.2954598069190979,
    0.21630164980888367,
    0.18101845681667328,
    0.13042129576206207,
    0.2202650010585785,
    0.09191162884235382,
    0.19660577178001404,
    0.11008826643228531,
    0.12012937664985657,
    0.18859662115573883,
    0.18066424131393433,
    0.10692020505666733,
    0.19980233907699585,
    0.1277824342250824,
    0.09463460743427277,
    0.06389720737934113,
    0.12366222590208054,
    0.13619256019592285,
    0.1705266386270523,
    0.1391093134880066,
    0.11762866377830505,
    0.0404176190495491,
    0.0405513271689415,
    0.11025293916463852,
    0.0954577624797821,
    0.08064369857311249,
    0.1333000361919403,
    0.061388224363327026,
    0.06246159225702286,
    0.02691708505153656,
    0.1111416146159172,
    0.043028369545936584,
    0.05081365257501602,
    0.06041416525840759,
    0.06242353841662407,
    0.03531555458903313,
    0.003814305644482374,
    0.023894593119621277,
    0.054971493780612946,
    0.0193316712975502,
    0.048681147396564484,
    0.018908753991127014,
    0.0022218816448003054,
    0.03328109532594681,
    0.010673925280570984,
    0.019227653741836548,
    0.01140716951340437,
    0.0057536764070391655,
    0.008971147239208221,
    0.004959057085216045,
    0.004143145866692066,
    0.007149901241064072,
    0.0009587866952642798,
    0.0035930254962295294,
    0.006939736660569906,
    0.0013884806539863348,
    0.0003356148081365973,
    0.0019241104600951076,
    0.0017873328179121017,
    0.0010578498477116227,
    0.0003465230402071029
  ],
  "val_loss_steps": [],
  "val_acc_steps": [],
  "val_roc_steps": [],
  "dataset": "eht_imaging"
}