{
  "accuracy": 0.9861111111111112,
  "precision": 1.0,
  "recall": 0.8,
  "f1_score": 0.8888888888888888,
  "roc_auc": 0.8626865671641791,
  "predictions": [
    0,
    0,
    0,
    0,
    0,
    0,
    0,
    0,
    0,
    0,
    0,
    0,
    0,
    1,
    1,
    0,
    0,
    0,
    0,
    0,
    0,
    0,
    0,
    0,
    0,
    0,
    0,
    0,
    0,
    0,
    0,
    0,
    0,
    0,
    0,
    0,
    0,
    0,
    0,
    0,
    0,
    0,
    0,
    0,
    0,
    0,
    0,
    0,
    0,
    0,
    0,
    0,
    0,
    0,
    0,
    0,
    0,
    0,
    0,
    0,
    0,
    0,
    1,
    0,
    0,
    0,
    0,
    1,
    0,
    0,
    0,
    0
  ],
  "anomaly_scores": [
    -145.47507591064542,
    -59.08363384879997,
    -104.59010865556363,
    731.0936939375738,
    -78.51779498097316,
    -58.074430486256105,
    -142.88320428264083,
    -143.0938141029072,
    -57.06401952653002,
    -109.15128739120311,
    -111.16298023602633,
    -73.75500381815354,
    -79.08676163766656,
    17134.229055491724,
    28659.0171355576,
    -111.57709621455332,
    -108.5651344570136,
    -93.5738588497536,
    -146.00889896884786,
    -65.63558157368495,
    -145.99961910246986,
    -48.24036698925332,
    -110.71976291211917,
    -71.47020916230616,
    -109.71751094004163,
    -71.97906048014748,
    -83.90681444479111,
    -143.37770012553077,
    -65.97027260475056,
    -145.652400049122,
    -145.79399734472233,
    -142.1719061631474,
    -141.2447168144901,
    -77.23276764187186,
    -146.10924016711033,
    -140.93188456888643,
    -73.77880455922677,
    -105.86483199465032,
    -142.88675131912592,
    -123.24658759341956,
    -77.89263621828108,
    -145.25054905942284,
    -105.37295764805395,
    -76.25321989735156,
    -101.32362730773599,
    -142.73004488861696,
    -75.10604902456733,
    -145.76639397526654,
    -144.70150537112087,
    -142.088664016034,
    -142.60681556097938,
    -108.84950548448614,
    -106.93471200087443,
    -74.43511089609099,
    -72.59541080436667,
    -89.26956300120719,
    -144.36317383609065,
    -107.82770438075693,
    -61.560349471211836,
    -142.5749267268789,
    -74.63006690661739,
    -53.19117405420744,
    28473.379498958864,
    -73.5554991832358,
    -145.90558455290818,
    -69.27387750140007,
    -66.27747384433117,
    9468.105768044956,
    -146.06761573674953,
    -61.66037700415575,
    -111.08578803343114,
    -107.38898834361251
  ],
  "true_labels": [
    0,
    0,
    0,
    0,
    0,
    0,
    0,
    0,
    0,
    0,
    0,
    0,
    0,
    1,
    1,
    0,
    0,
    0,
    0,
    0,
    0,
    0,
    0,
    0,
    0,
    0,
    0,
    0,
    0,
    0,
    0,
    0,
    1,
    0,
    0,
    0,
    0,
    0,
    0,
    0,
    0,
    0,
    0,
    0,
    0,
    0,
    0,
    0,
    0,
    0,
    0,
    0,
    0,
    0,
    0,
    0,
    0,
    0,
    0,
    0,
    0,
    0,
    1,
    0,
    0,
    0,
    0,
    1,
    0,
    0,
    0,
    0
  ],
  "roc_curve": [
    [
      0.0,
      0.0,
      0.0,
      0.6865671641791045,
      0.6865671641791045,
      1.0
    ],
    [
      0.0,
      0.2,
      0.8,
      0.8,
      1.0,
      1.0
    ],
    [
      Infinity,
      28659.0171355576,
      9468.105768044956,
      -140.93188456888643,
      -141.2447168144901,
      -146.10924016711033
    ]
  ],
  "threshold": 4662.749127285921,
  "dataset": "eht_imaging"
}