{
  "roc_auc": NaN,
  "f1_score": 0.0,
  "accuracy": 0.030303030303030304,
  "precision": 0.0,
  "recall": 0.0,
  "roc_curve": [
    [
      0.0,
      0.030303030303030304,
      1.0
    ],
    [
      NaN,
      NaN,
      NaN
    ],
    [
      Infinity,
      1.8515202004117094e+17,
      8254873455820800.0
    ]
  ],
  "best_threshold": 8254873455820800.0
}