{
  "roc_auc": NaN,
  "f1_score": 0.0,
  "accuracy": 0.016666666666666666,
  "precision": 0.0,
  "recall": 0.0,
  "roc_curve": [
    [
      0.0,
      0.016666666666666666,
      0.15,
      0.18333333333333332,
      1.0
    ],
    [
      NaN,
      NaN,
      NaN,
      NaN,
      NaN
    ],
    [
      Infinity,
      1.1878571293697638e+17,
      9.34305624836014e+16,
      9.310299391787008e+16,
      1.5650771706052608e+16
    ]
  ],
  "best_threshold": 1.5650771706052608e+16
}