{
  "roc_auc": 0.9813953488372092,
  "f1_score": 0.8,
  "accuracy": 0.9583333333333334,
  "precision": 0.8,
  "recall": 0.8,
  "roc_curve": [
    [
      0.0,
      0.0,
      0.023255813953488372,
      0.023255813953488372,
      1.0
    ],
    [
      0.0,
      0.2,
      0.2,
      1.0,
      1.0
    ],
    [
      Infinity,
      3627.003662109375,
      3626.997314453125,
      3582.895751953125,
      0.10814367234706879
    ]
  ],
  "best_threshold": 3582.895751953125
}