{
  "roc_auc": NaN,
  "f1_score": 0.0,
  "accuracy": 0.006172839506172839,
  "precision": 0.0,
  "recall": 0.0,
  "roc_curve": [
    [
      0.0,
      0.006172839506172839,
      1.0
    ],
    [
      NaN,
      NaN,
      NaN
    ],
    [
      Infinity,
      1.0568320223595725e+17,
      4996232913092608.0
    ]
  ],
  "best_threshold": 4996232913092608.0
}