{
  "dataset": "montage",
  "method": "sentence_bert_isolation_forest",
  "roc_auc": 0.939101314539911,
  "f1_score": 0.6426858513189448,
  "accuracy": 0.9078540507111935,
  "precision": 0.475177304964539,
  "recall": 0.9925925925925926,
  "best_threshold": -0.027496057597759305
}