{
  "accuracy": 0.8944444444444445,
  "precision": 0.3617021276595745,
  "recall": 0.68,
  "f1_score": 0.4722222222222222,
  "roc_auc": 0.9153432835820895,
  "predictions": [
    0,
    0,
    0,
    0,
    1,
    0,
    0,
    0,
    0,
    0,
    0,
    0,
    0,
    0,
    0,
    0,
    0,
    1,
    0,
    0,
    1,
    0,
    0,
    0,
    0,
    0,
    0,
    0,
    0,
    1,
    0,
    1,
    0,
    0,
    0,
    1,
    0,
    0,
    0,
    0,
    0,
    0,
    0,
    0,
    1,
    1,
    0,
    0,
    0,
    0,
    0,
    0,
    0,
    0,
    0,
    0,
    1,
    1,
    0,
    0,
    1,
    0,
    0,
    0,
    1,
    0,
    0,
    0,
    0,
    0,
    0,
    0,
    0,
    0,
    1,
    0,
    0,
    0,
    0,
    0,
    0,
    0,
    0,
    1,
    0,
    0,
    0,
    1,
    0,
    0,
    0,
    0,
    0,
    0,
    0,
    0,
    0,
    1,
    0,
    0,
    0,
    0,
    0,
    0,
    0,
    0,
    0,
    0,
    0,
    0,
    0,
    0,
    0,
    0,
    0,
    0,
    0,
    0,
    0,
    0,
    0,
    1,
    0,
    0,
    0,
    0,
    0,
    0,
    0,
    0,
    0,
    0,
    0,
    0,
    0,
    1,
    0,
    0,
    0,
    0,
    0,
    1,
    0,
    0,
    0,
    0,
    0,
    0,
    0,
    0,
    0,
    1,
    0,
    1,
    0,
    0,
    0,
    0,
    0,
    0,
    0,
    0,
    0,
    1,
    0,
    0,
    0,
    0,
    0,
    0,
    0,
    0,
    0,
    0,
    0,
    0,
    0,
    0,
    1,
    0,
    0,
    0,
    0,
    0,
    0,
    0,
    0,
    0,
    0,
    0,
    1,
    0,
    0,
    1,
    0,
    0,
    0,
    0,
    0,
    0,
    0,
    0,
    0,
    0,
    1,
    0,
    0,
    0,
    0,
    0,
    0,
    0,
    1,
    0,
    0,
    0,
    1,
    0,
    0,
    0,
    0,
    0,
    1,
    0,
    0,
    0,
    0,
    0,
    0,
    0,
    0,
    0,
    0,
    0,
    0,
    0,
    0,
    0,
    0,
    0,
    0,
    0,
    0,
    0,
    0,
    0,
    0,
    0,
    0,
    0,
    1,
    0,
    0,
    0,
    0,
    0,
    0,
    0,
    0,
    0,
    0,
    0,
    0,
    0,
    0,
    1,
    0,
    0,
    0,
    0,
    1,
    0,
    0,
    0,
    0,
    1,
    1,
    0,
    0,
    0,
    0,
    0,
    1,
    0,
    0,
    0,
    0,
    0,
    0,
    0,
    1,
    0,
    1,
    0,
    1,
    0,
    0,
    0,
    0,
    0,
    1,
    0,
    0,
    0,
    0,
    0,
    0,
    1,
    1,
    0,
    0,
    0,
    1,
    1,
    0,
    0,
    0,
    0,
    0,
    1,
    0,
    0,
    0,
    0,
    0,
    0,
    0,
    0,
    0,
    0,
    0,
    0,
    0,
    0,
    0,
    0,
    0,
    0,
    0,
    0,
    0,
    1,
    0,
    1,
    0,
    0,
    0,
    0,
    0,
    1,
    0,
    0,
    0,
    0,
    0,
    0,
    0,
    0,
    0,
    0
  ],
  "anomaly_scores": [
    -98.89607856503436,
    -83.29058659485885,
    -97.36746560380331,
    -96.24825625546504,
    -70.7896308700145,
    -87.40069535945574,
    -92.80844913868368,
    -97.39082431993661,
    -92.5067784557241,
    -93.72210227461568,
    -98.18139712040262,
    -91.15090969598144,
    -96.29243249540747,
    -96.61232772611653,
    -89.93552868209031,
    -94.46651645765985,
    -94.95409915199141,
    -75.88043050321431,
    -97.98388972064909,
    -94.16264381420673,
    -75.318437297569,
    -93.58183270394979,
    -96.05296084411732,
    -97.36090981565752,
    -93.53372395205103,
    -94.38621139484913,
    -95.88993590718339,
    -96.92895023076754,
    -94.50571359610753,
    -79.05081642354716,
    -95.40130565582385,
    -51.947957185612424,
    -92.99442578919833,
    -97.37369501363749,
    -96.45771846209783,
    -66.56071698232026,
    -97.96491463239319,
    -98.6539570355659,
    -97.37484493204515,
    -91.96834642237481,
    -91.97230116187568,
    -94.36122832708942,
    -94.13788052082553,
    -95.65193972815379,
    -79.86741647292975,
    -67.53686854198669,
    -95.54632105422358,
    -95.77701340128068,
    -94.85050046548136,
    -95.38692301006067,
    -98.46954215204558,
    -84.63469817979683,
    -92.29523574994549,
    -97.0724215835168,
    -95.88458474045898,
    -96.59874903005581,
    -76.74121509636196,
    -81.34085349273764,
    -96.42211008650621,
    -97.0045617823123,
    -69.76375670320698,
    -92.68503169101238,
    -83.55772468437732,
    -97.4653351958543,
    -77.90292301327473,
    -95.84715669760512,
    -93.51753994451009,
    -94.54885457302031,
    -97.8074336526333,
    -96.32814398239199,
    -95.4216326549148,
    -94.85358684893805,
    -95.38966519392328,
    -92.36804912314722,
    -76.10142469668568,
    -97.25613553937201,
    -97.92451246304444,
    -98.26729845371035,
    -96.93329053152651,
    -89.25920256597105,
    -96.987373807797,
    -93.31154739326317,
    -92.98954070885443,
    -73.10909717614797,
    -96.45821827250543,
    -93.43137619861156,
    -97.79711500488072,
    -74.87767127474507,
    -85.10090353077871,
    -83.53095135356537,
    -89.69452131660867,
    -95.39804018860163,
    -96.9518693267647,
    -89.49657239839817,
    -97.46867306021866,
    -96.87566072489729,
    -94.37134417590399,
    -72.70922282163164,
    -97.95423429498722,
    -95.55696459945234,
    -99.20232078396472,
    -81.4738844605304,
    -90.17011768901627,
    -98.34137437378422,
    -93.92341387329502,
    -90.13313717769321,
    -94.60476480374162,
    -94.10706513333746,
    -90.24980918536582,
    -95.7333133899909,
    -95.27868252028563,
    -98.83380193671131,
    -88.44040937192003,
    -91.23234695416477,
    -97.82899736674464,
    -93.8437134162878,
    -93.28171873496224,
    -97.14828910227384,
    -89.498838251716,
    -92.60196780648037,
    -95.27352018635251,
    -54.88544668336416,
    -87.14382902699408,
    -94.64601252829102,
    -96.12471018720666,
    -86.721460336497,
    -94.11471926546335,
    -86.71850799548949,
    -89.8740653359673,
    -81.7807334062716,
    -99.43220993490391,
    -82.5954804566167,
    -95.80089168578145,
    -94.41974726302787,
    -93.69645946426654,
    -76.84672448310681,
    -98.57371117164793,
    -97.22208452298936,
    -94.89673901259536,
    -93.76094459401043,
    -88.22210612542105,
    -77.8856980127288,
    -95.94014907577721,
    -90.50099967744313,
    -97.15770469077412,
    -95.48703686253604,
    -96.06038075015992,
    -94.09492964562817,
    -95.6230282585646,
    -98.32848730921243,
    -99.34592003589772,
    -70.35968106886719,
    -90.76479856362766,
    -65.02717264956763,
    -97.44964584401056,
    -85.27022224901023,
    -95.29870221192213,
    -95.74582980023807,
    -87.0058676571237,
    -92.69144348611437,
    -93.50016579315059,
    -92.48895499369219,
    -98.9048979163219,
    -59.49963588437794,
    -96.71595327759572,
    -96.19463047749788,
    -90.77615160484582,
    -92.63626723434113,
    -94.50618048386873,
    -95.4631416223017,
    -96.02787296217174,
    -96.78790276840348,
    -94.66530178982403,
    -98.99795293280864,
    -98.6608191886229,
    -94.76010482292956,
    -95.87495123920436,
    -96.88748437009153,
    -80.37127879010617,
    -85.07858328422489,
    -95.31108880049563,
    -97.60116062226969,
    -95.37507417033703,
    -81.45571151881377,
    -87.72958909089328,
    -92.94373601234231,
    -97.8077132935313,
    -96.86121745973774,
    -86.46578528155425,
    -82.99922406275394,
    -32.991438494414666,
    -97.58975948875835,
    -81.40607904607728,
    -78.65742703369767,
    -85.39673318199276,
    -93.43902733215322,
    -97.03407844280535,
    -96.00675287045895,
    -95.04429950266858,
    -94.96725988465299,
    -93.46693793048442,
    -90.29511104405617,
    -96.31694450645863,
    -94.21674688447645,
    -79.18597069930053,
    -95.41172480845026,
    -99.03794875385815,
    -95.45774403872458,
    -97.29322865422144,
    -90.8355361152017,
    -93.69224295953047,
    -95.39408843634357,
    -75.89373827990102,
    -94.93944103772813,
    -96.60134949488075,
    -90.53550046541059,
    -80.8463097162687,
    -84.6819556719673,
    -98.77973326832894,
    -98.55356027435697,
    -97.92600102788154,
