{
  "accuracy": 0.9797979797979798,
  "precision": 0.9802232854864433,
  "recall": 0.9797979797979798,
  "f1_score": 0.9778852353320439,
  "roc_auc": 0.985663082437276,
  "predictions": [
    0,
    0,
    0,
    0,
    0,
    0,
    1,
    0,
    0,
    0,
    0,
    0,
    0,
    0,
    0,
    0,
    0,
    0,
    0,
    0,
    0,
    0,
    0,
    0,
    0,
    0,
    0,
    0,
    0,
    0,
    0,
    0,
    0,
    0,
    0,
    0,
    0,
    0,
    0,
    0,
    0,
    0,
    0,
    0,
    0,
    0,
    0,
    0,
    0,
    0,
    0,
    0,
    0,
    0,
    0,
    0,
    0,
    0,
    0,
    0,
    0,
    0,
    0,
    0,
    0,
    0,
    0,
    0,
    0,
    0,
    0,
    0,
    0,
    0,
    0,
    0,
    1,
    0,
    0,
    0,
    0,
    0,
    0,
    0,
    0,
    0,
    0,
    0,
    1,
    1,
    0,
    0,
    0,
    0,
    0,
    0,
    0,
    0,
    0
  ],
  "probabilities": [
    0.007417380344122648,
    0.0036006029695272446,
    0.004062228836119175,
    0.004109915811568499,
    0.007417380344122648,
    0.0033700461499392986,
    0.8111529350280762,
    0.006850480102002621,
    0.025298966094851494,
    0.08969352394342422,
    0.00821969285607338,
    0.003081363858655095,
    0.0048203435726463795,
    0.004953306633979082,
    0.14984211325645447,
    0.021927302703261375,
    0.007388676051050425,
    0.029118353500962257,
    0.004093958530575037,
    0.010755924507975578,
    0.007431773468852043,
    0.007388676051050425,
    0.006003595422953367,
    0.004627529997378588,
    0.012552118860185146,
    0.007504157721996307,
    0.005934066604822874,
    0.009340024553239346,
    0.0027954771649092436,
    0.005934066604822874,
    0.00545866135507822,
    0.013248330913484097,
    0.00458276504650712,
    0.017814530059695244,
    0.022264916449785233,
    0.006425620522350073,
    0.008728266693651676,
    0.040426939725875854,
    0.005490563809871674,
    0.018440209329128265,
    0.009467381052672863,
    0.004783010575920343,
    0.004773722030222416,
    0.008847354911267757,
    0.03271312639117241,
    0.0075479233637452126,
    0.01245565339922905,
    0.024703869596123695,
    0.004876886960119009,
    0.030185984447598457,
    0.005199880339205265,
    0.005050507839769125,
    0.005426943302154541,
    0.007066401187330484,
    0.005332885775715113,
    0.006576998624950647,
    0.007303223479539156,
    0.003305078949779272,
    0.11945949494838715,
    0.0031603528186678886,
    0.0070254080928862095,
    0.010529711842536926,
    0.032161448150873184,
    0.14922116696834564,
    0.021145395934581757,
    0.003069387748837471,
    0.03488088771700859,
    0.013146585784852505,
    0.034979648888111115,
    0.005030917003750801,
    0.005652877036482096,
    0.01217062957584858,
    0.004609572701156139,
    0.030530942603945732,
    0.007066401187330484,
    0.006679879035800695,
    0.9978468418121338,
    0.00620502233505249,
    0.007922627963125706,
    0.07999736815690994,
    0.009746103547513485,
    0.007260866463184357,
    0.021004363894462585,
    0.0030101987067610025,
    0.004755199886858463,
    0.004792316816747189,
    0.0037072531413286924,
    0.005080037284642458,
    0.9977916479110718,
    0.9979251623153687,
    0.02498779445886612,
    0.029145972803235054,
    0.11884451657533646,
    0.04373188316822052,
    0.020119478926062584,
    0.002822832902893424,
    0.00454726442694664,
    0.005230278242379427,
    0.005109737627208233
  ],
  "true_labels": [
    0,
    0,
    0,
    0,
    0,
    0,
    1,
    0,
    0,
    1,
    0,
    0,
    0,
    0,
    0,
    0,
    0,
    0,
    0,
    0,
    0,
    0,
    0,
    0,
    0,
    0,
    0,
    0,
    0,
    0,
    0,
    0,
    0,
    0,
    0,
    0,
    0,
    0,
    0,
    0,
    0,
    0,
    0,
    0,
    0,
    0,
    0,
    0,
    0,
    0,
    0,
    0,
    0,
    0,
    0,
    0,
    0,
    0,
    0,
    0,
    0,
    0,
    0,
    0,
    0,
    0,
    0,
    0,
    0,
    0,
    0,
    0,
    0,
    0,
    0,
    0,
    1,
    0,
    0,
    1,
    0,
    0,
    0,
    0,
    0,
    0,
    0,
    0,
    1,
    1,
    0,
    0,
    0,
    0,
    0,
    0,
    0,
    0,
    0
  ],
  "roc_curve": [
    [
      0.0,
      0.0,
      0.0,
      0.043010752688172046,
      0.043010752688172046,
      0.44086021505376344,
      0.4838709677419355,
      0.5053763440860215,
      0.5268817204301075,
      0.6021505376344086,
      0.6236559139784946,
      1.0
    ],
    [
      0.0,
      0.16666666666666666,
      0.6666666666666666,
      0.6666666666666666,
      1.0,
      1.0,
      1.0,
      1.0,
      1.0,
      1.0,
      1.0,
      1.0
    ],
    [
      Infinity,
      0.9979251623153687,
      0.8111529350280762,
      0.11884451657533646,
      0.07999736815690994,
      0.007431773468852043,
      0.007388676051050425,
      0.007260866463184357,
      0.007066401187330484,
      0.006003595422953367,
      0.005934066604822874,
      0.0027954771649092436
    ]
  ],
  "train_losses": [
    0.20425114606817563,
    0.15404006292422612,
    0.14732244896392027,
    0.13995032720267772,
    0.15012298511962097,
    0.13337376626829306,
    0.10994993609686693,
    0.12191334267457327,
    0.08752769632264971,
    0.08161499655495087,
    0.07307823167260115,
    0.06538889698373775,
    0.06422548113235584,
    0.059957721216293676,
    0.035820055015695594
  ],
  "val_losses": [],
  "val_accuracies": [],